2,1663451400,171.0,82838,166.0,20149
30,1663451400,960.0,7,,0
36,1663451400,440.0,2,,0
39,1663451400,6.0,1469,,0
43,1663451400,,0,80.0,179
44,1663451400,,0,261.0,547
45,1663451400,,0,65.0,116
48,1663451400,,0,32.0,25
50,1663451400,,0,31.0,34
52,1663451400,1.0,100,,0
53,1663451400,7.0,14135,6.0,116
54,1663451400,22.0,5,,0
62,1663451400,84.0,9101,74.0,1
66,1663451400,293.0,3508,286.0,54
70,1663451400,,0,1037.0,6829
91,1663451400,110.0,3002,,0
93,1663451400,25.0,5,20.0,1
95,1663451400,138.0,203,,0
97,1663451400,734.0,500,,0
99,1663451400,,0,7755.0,6440
101,1663451400,778.0,1,744.0,1542
103,1663451400,1599.0,1070,1521.0,28
105,1663451400,1538.0,600,1532.0,1
107,1663451400,1672.0,1578,,0
109,1663451400,886.0,5200,865.0,1228
111,1663451400,7399.0,1,7320.0,1
113,1663451400,,0,331.0,1
115,1663451400,,0,269.0,103
117,1663451400,158.0,1,,0
119,1663451400,,0,89.0,13
139,1663451400,7463.0,109,7452.0,1096
141,1663451400,,0,4900.0,8
143,1663451400,,0,2442.0,1
145,1663451400,134.0,2779,134.0,83
147,1663451400,,0,85.0,8
149,1663451400,,0,52.0,2
157,1663451400,,0,1346.0,1619
159,1663451400,,0,840.0,12
161,1663451400,,0,405.0,1
163,1663451400,,0,1042.0,2465
165,1663451400,,0,530.0,2
167,1663451400,,0,310.0,2
169,1663451400,464.0,647,,0
171,1663451400,,0,270.0,2
179,1663451400,56.0,1,,0
187,1663451400,,0,254.0,2
199,1663451400,,0,39.0,1521
201,1663451400,23.0,12,21.0,750
203,1663451400,,0,89.0,1402
205,1663451400,650.0,441,648.0,521
207,1663451400,7400.0,22,7306.0,893
209,1663451400,661.0,1272,650.0,1835
211,1663451400,,0,1480.0,1288
213,1663451400,,0,1398.0,409
215,1663451400,,0,1546.0,607
217,1663451400,,0,770.0,624
219,1663451400,6853.0,417,6853.0,1060
221,1663451400,4.0,3002,3.0,336
223,1663451400,,0,540.0,1258
225,1663451400,644.0,917,641.0,285
227,1663451400,5.0,67,,0
229,1663451400,4.0,502,3.0,1197
231,1663451400,259.0,3163,252.0,4644
233,1663451400,346.0,1,300.0,1
235,1663451400,230.0,2,,0
237,1663451400,,0,206.0,104
239,1663451400,388.0,2,323.0,571
241,1663451400,150.0,200,,0
243,1663451400,784.0,1,769.0,1
245,1663451400,,0,919.0,2749
247,1663451400,,0,306.0,430
249,1663451400,78.0,1,77.0,303
251,1663451400,31.0,33,29.0,621
255,1663451400,,0,663.0,194
257,1663451400,7400.0,1,7355.0,2024
259,1663451400,668.0,1,668.0,815
261,1663451400,,0,1475.0,3
263,1663451400,1442.0,2,1422.0,3
265,1663451400,1594.0,1,1585.0,1117
267,1663451400,769.0,21,769.0,247
269,1663451400,6874.0,319,6861.0,100
273,1663451400,584.0,1,,0
288,1663451400,603.0,6,603.0,1
299,1663451400,400.0,60,330.0,40
301,1663451400,185.0,9,172.0,2
303,1663451400,72.0,9,60.0,34
305,1663451400,505.0,8,335.0,1
307,1663451400,,0,50.0,4
309,1663451400,78.0,4,,0
311,1663451400,87.0,6,80.0,1
313,1663451400,5.0,1,,0
314,1663451400,3.0,72103,2.0,1340
315,1663451400,38.0,25,38.0,8
317,1663451400,88.0,5,,0
321,1663451400,49.0,180,,0
329,1663451400,65.0,200,63.0,730
331,1663451400,54.0,400,,0
333,1663451400,37.0,53,36.0,152
335,1663451400,99.0,24,84.0,3
339,1663451400,,0,12.0,268
341,1663451400,37.0,16,,0
349,1663451400,110.0,3,,0
353,1663451400,51.0,31,,0
359,1663451400,,0,47.0,689
361,1663451400,95.0,54,79.0,480
363,1663451400,23.0,15130,22.0,600
365,1663451400,97.0,2,95.0,72
371,1663451400,236.0,31,236.0,1048
373,1663451400,284.0,923,278.0,1168
377,1663451400,158.0,137,158.0,899
379,1663451400,174.0,1358,172.0,588
383,1663451400,590.0,2301,589.0,3808
385,1663451400,734.0,10932,730.0,8320
389,1663451400,832.0,5085,828.0,1935
391,1663451400,997.0,1942,992.0,1943
395,1663451400,,0,633.0,78
397,1663451400,796.0,300,,0
401,1663451400,,0,55.0,6699
403,1663451400,70.0,1,69.0,1
405,1663451400,,0,820.0,1
407,1663451400,88.0,1,88.0,4
413,1663451400,1109.0,1,1109.0,1
426,1663451400,50.0,1,,0
428,1663451400,123.0,1,100.0,2
434,1663451400,108.0,13014,107.0,20
436,1663451400,67.0,38,65.0,10
438,1663451400,68.0,60,,0
440,1663451400,118.0,4337,110.0,4776
442,1663451400,50.0,40,49.0,14624
444,1663451400,208.0,1002,201.0,69049
447,1663451400,117.0,4867,114.0,11583
449,1663451400,1144.0,2924,1103.0,8751
451,1663451400,,0,11170.0,1377
453,1663451400,144.0,18699,143.0,43204
464,1663451400,348.0,16,,0
526,1663451400,68.0,3576,,0
530,1663451400,417.0,9,,0
532,1663451400,,0,233.0,635
536,1663451400,2908.0,12317,2801.0,745
542,1663451400,137.0,3,,0
548,1663451400,,0,2000.0,1
554,1663451400,6.0,136073,5.0,14825
555,1663451400,5.0,138973,4.0,2124
556,1663451400,4.0,33100,,0
557,1663451400,5.0,43138,4.0,1033
558,1663451400,3.0,7463,,0
559,1663451400,6.0,10000,,0
560,1663451400,178.0,58057,176.0,85062
561,1663451400,169.0,40816,169.0,24046
562,1663451400,74.0,222134,72.0,97915
563,1663451400,127.0,27810,123.0,17985
564,1663451400,158.0,34267,151.0,25867
565,1663451400,277.0,155748,269.0,88057
566,1663451400,157.0,58624,153.0,34512
567,1663451400,95.0,200,92.0,2973
569,1663451400,,0,2045.0,2728
571,1663451400,,0,1860.0,68
573,1663451400,1858.0,2165,1839.0,4460
575,1663451400,1761.0,2000,1708.0,96
577,1663451400,1110.0,2,1089.0,3
579,1663451400,,0,333.0,2
581,1663451400,185.0,1,55.0,2
590,1663451400,51.0,1,50.0,1
592,1663451400,58.0,2,57.0,1103
596,1663451400,6.0,2,,0
626,1663451400,,0,350.0,1
638,1663451400,390.0,2,,0
640,1663451400,585.0,1,260.0,2
646,1663451400,1.0,1,,0
654,1663451400,,0,300.0,1
662,1663451400,1049.0,1,,0
753,1663451400,137.0,1,,0
805,1663451400,,0,200.0,24
806,1663451400,18.0,4006,18.0,6
807,1663451400,,0,15.0,4901
808,1663451400,2.0,97,2.0,9946
809,1663451400,5.0,7000,4.0,7184
810,1663451400,23.0,24772,18.0,13960
811,1663451400,407.0,6632,393.0,4306
817,1663451400,349.0,12,,0
819,1663451400,35.0,300,35.0,300
820,1663451400,32.0,3664,,0
821,1663451400,56.0,11865,,0
823,1663451400,196.0,10380,194.0,60460
824,1663451400,,0,790.0,3411
829,1663451400,57.0,946,56.0,819
830,1663451400,,0,145.0,512
839,1663451400,38.0,1,21.0,1
843,1663451400,,0,33.0,98
845,1663451400,45.0,1,43.0,306
847,1663451400,,0,107.0,2
849,1663451400,81.0,2,80.0,2
851,1663451400,,0,259.0,19
853,1663451400,189.0,2,181.0,4
855,1663451400,550.0,3381,518.0,7309
857,1663451400,,0,357.0,2
859,1663451400,1284.0,11673,1279.0,10290
861,1663451400,815.0,103,808.0,15
863,1663451400,,0,38.0,1263
865,1663451400,,0,54.0,183
866,1663451400,,0,128.0,27
868,1663451400,310.0,950,306.0,110
877,1663451400,2.0,4975,,0
882,1663451400,2.0,189,2.0,21
884,1663451400,2.0,1380,3.0,301
886,1663451400,8.0,1150,6.0,113
888,1663451400,4.0,9560,3.0,4661
890,1663451400,19.0,2558,19.0,14777
892,1663451400,94.0,34899,86.0,11144
893,1663451400,160.0,2000,,0
948,1663451400,137.0,3,,0
950,1663451400,25.0,9,23.0,14
952,1663451400,101.0,13,,0
954,1663451400,85.0,291,74.0,63
960,1663451400,274.0,1280,271.0,818
962,1663451400,190000.0,35,,0
970,1663451400,225.0,4,,0
973,1663451400,233.0,9,,0
975,1663451400,399.0,1,,0
983,1663451400,750.0,1,,0
985,1663451400,,0,10853.0,47
987,1663451400,,0,9995.0,45
989,1663451400,21655.0,2,20750.0,30
993,1663451400,,0,31125.0,2
1011,1663451400,45.0,1,,0
1013,1663451400,49.0,3,,0
1015,1663451400,12.0,2,,0
1019,1663451400,500.0,2,,0
1021,1663451400,500.0,2,,0
1023,1663451400,184.0,1,,0
1033,1663451400,,0,3062.0,5
1035,1663451400,,0,1210.0,4
1042,1663451400,14999.0,1,13012.0,5
1048,1663451400,5390.0,13,,0
1050,1663451400,10101.0,1,,0
1053,1663451400,,0,4716.0,2
1055,1663451400,,0,11036.0,2
1057,1663451400,,0,5089.0,2
1059,1663451400,83.0,4,56.0,2
1061,1663451400,60.0,2,48.0,3
1067,1663451400,161.0,2,160.0,1
1069,1663451400,348.0,6,,0
1071,1663451400,1073.0,7,1070.0,10
1073,1663451400,4300.0,1,3964.0,24
1077,1663451400,937.0,3,882.0,1
1079,1663451400,37982.0,4,37829.0,187
1085,1663451400,1263.0,1,1263.0,2
1091,1663451400,4000.0,1,3636.0,2
1093,1663451400,,0,37845.0,54
1095,1663451400,9.0,1,,0
1097,1663451400,384.0,1,287.0,1
1099,1663451400,2159.0,3,2087.0,29
1101,1663451400,422.0,3,,0
1103,1663451400,123.0,1,,0
1105,1663451400,273.0,3,,0
1107,1663451400,1321.0,1,,0
1109,1663451400,,0,1071.0,1
1113,1663451400,29510.0,2,29514.0,80
1115,1663451400,,0,139.0,9
1117,1663451400,,0,101.0,14
1119,1663451400,886.0,128,885.0,3
1121,1663451400,2803.0,128,2801.0,36
1123,1663451400,9535.0,252,9494.0,17
1125,1663451400,,0,3121.0,1
1127,1663451400,38442.0,1,38493.0,106
1129,1663451400,10.0,9,,0
1131,1663451400,8.0,2,,0
1133,1663451400,,0,360.0,1
1135,1663451400,4248.0,2020,4083.0,2009
1139,1663451400,104.0,2,,0
1141,1663451400,150.0,3,,0
1145,1663451400,,0,850.0,1
1147,1663451400,11250.0,1,11195.0,179
1149,1663451400,57689.0,3,57624.0,110
1153,1663451400,126.0,6,,0
1155,1663451400,44.0,1,15.0,1
1157,1663451400,250.0,1,161.0,1
1159,1663451400,750.0,113,719.0,5
1161,1663451400,1900.0,126,1788.0,2
1163,1663451400,20574.0,16,20511.0,373
1165,1663451400,593.0,3,584.0,2
1169,1663451400,18.0,13,10.0,1
1171,1663451400,,0,92.0,300
1173,1663451400,,0,110.0,1
1177,1663451400,144.0,1,,0
1179,1663451400,,0,444.0,2
1181,1663451400,,0,740.0,3
1183,1663451400,,0,2005.0,35
1185,1663451400,22508.0,3,22508.0,71
1191,1663451400,75.0,1,,0
1193,1663451400,244.0,3,240.0,2
1195,1663451400,1746.0,2,,0
1197,1663451400,1095.0,127,1076.0,1
1199,1663451400,,0,2898.0,88
1201,1663451400,32000.0,126,31925.0,260
1205,1663451400,,0,110.0,9
1207,1663451400,,0,61.0,6
1211,1663451400,,0,306.0,3
1213,1663451400,4387.0,6,4396.0,106
1215,1663451400,17666.0,2,17253.0,91
1237,1663451400,378.0,1,378.0,1
1243,1663451400,,0,260.0,1
1247,1663451400,11873.0,1,11874.0,27
1249,1663451400,37468.0,2,36601.0,2
1265,1663451400,,0,115.0,3
1269,1663451400,1000.0,4,,0
1271,1663451400,1900.0,3,1789.0,4
1273,1663451400,515.0,2,412.0,63
1275,1663451400,18727.0,3,18530.0,22
1279,1663451400,,0,168.0,3
1281,1663451400,87.0,2,,0
1285,1663451400,,0,296.0,1
1287,1663451400,1053.0,3,,0
1289,1663451400,,0,12285.0,6
1295,1663451400,200.0,2,177.0,3
1297,1663451400,,0,326.0,4
1301,1663451400,,0,1652.0,5
1303,1663451400,19299.0,1,18692.0,115
1305,1663451400,60973.0,1,59035.0,67
1309,1663451400,21.0,2,15.0,1
1311,1663451400,304.0,44,,0
1317,1663451400,3700.0,1,3465.0,15
1319,1663451400,37895.0,3,37818.0,36
1325,1663451400,137.0,3,,0
1329,1663451400,,0,350.0,2
1331,1663451400,1539.0,1,1510.0,10
1333,1663451400,15244.0,18,15096.0,27
1337,1663451400,,0,105.0,71
1345,1663451400,,0,3003.0,3
1347,1663451400,,0,23648.0,75
1349,1663451400,,0,200.0,1
1351,1663451400,79.0,11,,0
1353,1663451400,799.0,4,,0
1355,1663451400,327.0,1,266.0,4
1357,1663451400,591.0,6,527.0,12
1359,1663451400,7360.0,8,7061.0,66
1365,1663451400,181.0,107,,0
1371,1663451400,2848.0,254,2657.0,66
1373,1663451400,,0,24488.0,60
1377,1663451400,,0,119424.0,58
1381,1663451400,1646.0,22,1569.0,6
1383,1663451400,,0,1085.0,4
1385,1663451400,846.0,2,,0
1387,1663451400,1465.0,2,1382.0,8
1391,1663451400,7518.0,103,7500.0,8422
1393,1663451400,,0,8929.0,49
1395,1663451400,,0,8954.0,1
1397,1663451400,9000.0,465,8964.0,8666
1399,1663451400,,0,8962.0,28
1401,1663451400,26200.0,1,25163.0,7
1403,1663451400,,0,24900.0,13
1405,1663451400,,0,24750.0,19
1407,1663451400,,0,25163.0,16
1428,1663451400,,0,155.0,2
1430,1663451400,,0,611.0,2
1432,1663451400,,0,8306.0,1
1434,1663451400,29449.0,2,29105.0,6
1436,1663451400,11.0,1000,,0
1438,1663451400,,0,73.0,130
1440,1663451400,310.0,4,248.0,101
1442,1663451400,1627.0,3,1603.0,1
1444,1663451400,267.0,4,265.0,154
1446,1663451400,,0,1550.0,4
1448,1663451400,572.0,7,,0
1452,1663451400,127.0,4,125.0,8
1454,1663451400,,0,171.0,12
1456,1663451400,4950.0,2,4628.0,33
1462,1663451400,,0,234.0,6
1464,1663451400,,0,27.0,61
1470,1663451400,1688.0,2,,0
1474,1663451400,2281.0,3,,0
1476,1663451400,5498.0,8,5014.0,2
1478,1663451400,1179.0,1,,0
1511,1663451400,75.0,591,74.0,558
1513,1663451400,1065.0,10000,1066.0,7478
1515,1663451400,184.0,8894,182.0,11734
1517,1663451400,8.0,2095,7.0,2283
1519,1663451400,27.0,4285,26.0,2990
1521,1663451400,56.0,117,55.0,184
1523,1663451400,400.0,617,327.0,92
1539,1663451400,18.0,3043,18.0,1000
1540,1663451400,198.0,3,,0
1550,1663451400,22.0,4,,0
1592,1663451400,2.0,1,,0
1595,1663451400,152.0,2,,0
1597,1663451400,154.0,2,,0
1599,1663451400,6.0,1,,0
1601,1663451400,1738.0,110,1731.0,7317
1603,1663451400,810.0,4345,809.0,8463
1605,1663451400,380.0,2,371.0,1947
1607,1663451400,198.0,21,192.0,2511
1609,1663451400,409.0,10,382.0,37
1611,1663451400,250.0,1,,0
1613,1663451400,2440.0,20,,0
1615,1663451400,11057.0,42,11062.0,1021
1617,1663451400,2743.0,86,2713.0,604
1619,1663451400,1076.0,1980,1056.0,3866
1621,1663451400,,0,477.0,3056
1623,1663451400,,0,275.0,2371
1625,1663451400,344.0,73,,0
1629,1663451400,,0,2061.0,14
1631,1663451400,,0,13700.0,209
1635,1663451400,113.0,13,112.0,20
1637,1663451400,,0,409.0,59
1639,1663451400,617.0,1675,602.0,149
1641,1663451400,,0,1025.0,15
1643,1663451400,1870.0,6,1851.0,2
1645,1663451400,,0,10900.0,14
1656,1663451400,,0,389.0,7251
1658,1663451400,594.0,10,585.0,10
1660,1663451400,1059.0,1251,1050.0,854
1662,1663451400,,0,1960.0,168
1664,1663451400,11500.0,1,11426.0,7
1673,1663451400,,0,111.0,16
1677,1663451400,,0,552.0,120
1683,1663451400,,0,10011.0,1
1694,1663451400,482.0,2,,0
1698,1663451400,,0,1060.0,1
1700,1663451400,,0,2000.0,1
1702,1663451400,,0,10401.0,1
1704,1663451400,10996.0,1,10610.0,121
1712,1663451400,11439.0,8,11344.0,2
1718,1663451400,299.0,3,,0
1725,1663451400,1250.0,1,1207.0,7
1727,1663451400,,0,678.0,1
1729,1663451400,,0,863.0,1
1731,1663451400,2018.0,8,2007.0,7
1733,1663451400,103.0,9,100.0,1
1734,1663451400,6.0,2,5.0,52
1735,1663451400,90.0,2,,0
1737,1663451400,39.0,11,39.0,1
1739,1663451400,210.0,2,,0
1741,1663451400,268.0,83,267.0,1698
1743,1663451400,297.0,1,219.0,2
1745,1663451400,1630.0,187,1630.0,8978
1747,1663451400,,0,3451.0,4732
1749,1663451400,2304.0,50,2306.0,2318
1751,1663451400,,0,1770.0,2114
1753,1663451400,1442.0,58,1415.0,3035
1755,1663451400,32.0,2,,0
1757,1663451400,,0,80.0,1
1759,1663451400,20.0,112,,0
1761,1663451400,149.0,2255,143.0,404
1763,1663451400,469.0,7,358.0,3
1765,1663451400,446.0,12,427.0,108
1767,1663451400,560.0,8,460.0,10
1769,1663451400,966.0,4,,0
1771,1663451400,,0,401.0,2
1773,1663451400,700.0,1,,0
1775,1663451400,101.0,6310,99.0,10618
1777,1663451400,84.0,10160,83.0,264
1779,1663451400,3.0,98179,2.0,19000
1783,1663451400,45.0,1756,44.0,1162
1791,1663451400,170.0,1,,0
1794,1663451400,283.0,18,,0
1823,1663451400,150.0,150,129.0,3
1831,1663451400,203.0,2,,0
1833,1663451400,209.0,1,,0
1835,1663451400,248.0,3,,0
1837,1663451400,418.0,2,,0
1854,1663451400,25.0,10,,0
1885,1663451400,,0,710.0,3
1887,1663451400,47.0,4,,0
1891,1663451400,189.0,1010,147.0,1
1897,1663451400,188.0,11,,0
1905,1663451400,210.0,14,,0
1907,1663451400,140.0,1,,0
1909,1663451400,823.0,1,,0
1917,1663451400,121.0,6,120.0,2
1919,1663451400,,0,51.0,2
1921,1663451400,61.0,8,,0
1923,1663451400,27.0,1,25.0,19
1925,1663451400,8.0,161,8.0,355
1927,1663451400,60.0,18,,0
1929,1663451400,25.0,23,,0
1931,1663451400,8.0,21,8.0,4
1933,1663451400,125.0,4,,0
1935,1663451400,,0,3.0,14
1939,1663451400,7.0,1003,6.0,3032
1941,1663451400,8.0,2003,,0
1944,1663451400,28.0,2,30.0,3
1949,1663451400,,0,205.0,2
1951,1663451400,35.0,4,33.0,15
1953,1663451400,200.0,2,,0
1955,1663451400,142.0,78,136.0,22
1959,1663451400,,0,9775.0,2
1963,1663451400,51.0,31,,0
1965,1663451400,60.0,1,40.0,14
1971,1663451400,42.0,8,41.0,3
1973,1663451400,,0,27.0,140
1975,1663451400,38.0,127,40.0,200
1978,1663451400,65.0,1,,0
1985,1663451400,52.0,15,,0
1987,1663451400,24.0,763,24.0,12658
1993,1663451400,2.0,1982,,0
2003,1663451400,73.0,42,76.0,13
2007,1663451400,64.0,6,,0
2011,1663451400,,0,501.0,4
2015,1663451400,287.0,8,,0
2064,1663451400,6120.0,1,,0
2084,1663451400,1764.0,1,,0
2102,1663451400,86.0,1,85.0,11
2108,1663451400,57.0,2,,0
2114,1663451400,146.0,117,141.0,10
2116,1663451400,172.0,2,,0
2120,1663451400,,0,48.0,10
2126,1663451400,84.0,2,,0
2132,1663451400,63.0,1,,0
2134,1663451400,,0,67.0,54
2136,1663451400,296.0,1,,0
2140,1663451400,,0,84.0,1
2142,1663451400,102.0,5,102.0,1
2152,1663451400,615.0,3,551.0,1
2171,1663451400,,0,25.0,200
2217,1663451400,4399.0,6,4005.0,2
2301,1663451400,717.0,450,,0
2307,1663451400,200.0,2,200.0,1
2309,1663451400,150.0,23,141.0,4
2313,1663451400,73.0,1,51.0,39
2315,1663451400,332.0,99,349.0,1
2325,1663451400,450.0,2,,0
2347,1663451400,55.0,6,,0
2349,1663451400,166.0,1540,160.0,307
2351,1663451400,192.0,289,187.0,40
2353,1663451400,,0,456.0,6977
2355,1663451400,92.0,84,,0
2357,1663451400,88.0,1194,86.0,6956
2359,1663451400,731.0,4501,715.0,20398
2361,1663451400,1983.0,3437,1955.0,851
2363,1663451400,12470.0,26,12460.0,5099
2366,1663451400,65509.0,1,,0
2368,1663451400,795000.0,1,,0
2428,1663451400,8.0,41,,0
2430,1663451400,153.0,13,,0
2434,1663451400,10249.0,2806,10057.0,3069
2436,1663451400,216.0,1020,203.0,138
2440,1663451400,2117.0,375,2100.0,84
2442,1663451400,1633.0,739,1632.0,989
2444,1663451400,553.0,1105,537.0,128
2446,1663451400,299.0,14,,0
2448,1663451400,276.0,11,,0
2450,1663451400,,0,3650.0,6
2452,1663451400,550.0,101,510.0,3
2460,1663451400,393.0,1,,0
2472,1663451400,91.0,1,,0
2481,1663451400,1400.0,826,1389.0,25
2483,1663451400,,0,1515.0,7
2485,1663451400,1399.0,24,1392.0,900
2487,1663451400,1900.0,2,1650.0,3
2489,1663451400,,0,2010.0,13
2491,1663451400,2185.0,30,2167.0,8
2493,1663451400,2161.0,1,2075.0,38
2495,1663451400,2610.0,4,2568.0,33
2497,1663451400,3798.0,1,3836.0,5
2499,1663451400,5023.0,679,5026.0,692
2501,1663451400,6249.0,145,6049.0,1564
2503,1663451400,7600.0,70,7405.0,1650
2507,1663451400,2626.0,7162,2601.0,36
2509,1663451400,3730.0,23000,,0
2550,1663451400,704.0,569,693.0,687
2552,1663451400,600.0,2717,582.0,212
2568,1663451400,1003.0,1,,0
2570,1663451400,1780.0,1,1763.0,1
2572,1663451400,11477.0,1,11499.0,205
2581,1663451400,1046426.0,2,1034316.0,5
2583,1663451400,,0,13686.0,1
2593,1663451400,45581.0,2,,0
2607,1663451400,,0,37930.0,1
2623,1663451400,,0,40150.0,1
2625,1663451400,41321.0,1,,0
2629,1663451400,41900.0,1,36065.0,1
2643,1663451400,16758.0,1,,0
2653,1663451400,55008.0,1,,0
2657,1663451400,373810.0,1,346005.0,1
2659,1663451400,45393.0,1,43000.0,1
2663,1663451400,,0,53233.0,2
2665,1663451400,,0,79710.0,1
2866,1663451400,179.0,89,,0
2878,1663451400,,0,70.0,7
2890,1663451400,,0,820.0,2
2912,1663451400,,0,811.0,1
2942,1663451400,447.0,2,,0
2961,1663451400,92.0,5,,0
2970,1663451400,,0,350.0,58
2998,1663451400,3943.0,453,3890.0,1320
3000,1663451400,9749.0,589,9694.0,1041
3002,1663451400,4140.0,5284,,0
3004,1663451400,9972.0,1229,9863.0,1214
3008,1663451400,377.0,21,349.0,56
3016,1663451400,2060.0,50,1924.0,760
3018,1663451400,1377.0,6,1349.0,343
3024,1663451400,12568.0,4460,12415.0,28
3026,1663451400,9549.0,27,9505.0,3539
3028,1663451400,,0,6000.0,4
3030,1663451400,3291.0,1,,0
3032,1663451400,480.0,106,421.0,1
3034,1663451400,,0,233.0,20
3040,1663451400,85.0,278,81.0,6
3042,1663451400,,0,51.0,1
3049,1663451400,3927.0,152,3926.0,1385
3051,1663451400,9619.0,7,9554.0,282
3053,1663451400,9356.0,2,,0
3054,1663451400,,0,26283.0,6
3095,1663451400,,0,123.0,1
3105,1663451400,750.0,115,697.0,2
3122,1663451400,,0,32600.0,1
3125,1663451400,970.0,2,,0
3138,1663451400,155.0,1368,150.0,2680
3140,1663451400,163183.0,2,158576.0,1
3142,1663451400,314.0,2010,,0
3144,1663451400,429.0,561,415.0,450
3159,1663451400,,0,2399.0,2
3162,1663451400,55.0,1,,0
3183,1663451400,,0,410.0,2
3188,1663451400,181.0,1,,0
3200,1663451400,13678.0,2,10501.0,2
3202,1663451400,37659.0,2,37678.0,17
3204,1663451400,,0,148932.0,24
3211,1663451400,103.0,2,,0
3228,1663451400,,0,5000.0,1
3239,1663451400,,0,100.0,62
3325,1663451400,,0,587.0,409
3339,1663451400,,0,990.0,1
3341,1663451400,,0,50.0,1
3343,1663451400,,0,55.0,3
3347,1663451400,276.0,1,,0
3353,1663451400,750.0,2,,0
3379,1663451400,790.0,1,,0
3389,1663451400,23584.0,2,23500.0,1
3398,1663451400,2821.0,132,,0
3404,1663451400,4000.0,2,,0
3420,1663451400,176.0,110,140.0,897
3430,1663451400,,0,1627.0,6
3438,1663451400,1278.0,30,,0
3448,1663451400,,0,3340.0,1
3470,1663451400,7529.0,82,7529.0,82
3476,1663451400,,0,38134.0,2
3478,1663451400,,0,37555.0,1
3485,1663451400,587000.0,1,,0
3749,1663451400,37358.0,3,34605.0,3
3751,1663451400,48875.0,3,47160.0,5
3755,1663451400,40408.0,1,40408.0,1
3787,1663451400,,0,5.0,1
3831,1663451400,,0,20000.0,1
3832,1663451400,,0,33182.0,1
3834,1663451400,,0,24708.0,1
3835,1663451400,,0,1500.0,2
3837,1663451400,968.0,1,1000.0,1
3838,1663451400,1171.0,2,,0
3853,1663451400,798.0,2266,733.0,28
4087,1663451400,161263.0,10,161042.0,45
4089,1663451400,,0,10912.0,1
4091,1663451400,72500.0,3,71079.0,13
4093,1663451400,49083.0,7,47331.0,8
4095,1663451400,,0,5599.0,7
4097,1663451400,,0,5914.0,5
4099,1663451400,,0,60900.0,1
4101,1663451400,72246.0,4,71005.0,2
4103,1663451400,48054.0,2,47294.0,8
4105,1663451400,5761.0,1,,0
4107,1663451400,,0,103307.0,1
4121,1663451400,3389.0,4,,0
4125,1663451400,352.0,1,,0
4127,1663451400,1095.0,1,1032.0,1
4129,1663451400,,0,1386.0,1
4131,1663451400,7436.0,2,7189.0,11
4151,1663451400,1766398.0,8,1753949.0,7
4153,1663451400,54419.0,14,52500.0,1
4156,1663451400,3500.0,4,2500.0,1
4166,1663451400,700.0,1,,0
4170,1663451400,22465.0,2,22465.0,1
4207,1663451400,385027.0,3,359191.0,4
4298,1663451400,352.0,6,,0
4300,1663451400,499.0,2,,0
4304,1663451400,19998.0,10,,0
4306,1663451400,2659.0,8,,0
4308,1663451400,2000.0,2,1990.0,4
4310,1663451400,3668.0,2,4080.0,2
4385,1663451400,,0,30.0,1
4409,1663451400,,0,2.0,1
4419,1663451400,,0,1153.0,1
4440,1663451400,503.0,1,,0
4456,1663451400,171.0,2,,0
4522,1663451400,807.0,1,,0
4527,1663451400,35.0,3,,0
4537,1663451400,422.0,1,,0
4542,1663451400,7.0,3022,8.0,1
4546,1663451400,1000.0,1,,0
4548,1663451400,1499.0,3,,0
4551,1663451400,941.0,3,,0
4585,1663451400,161111.0,2,161112.0,51
4587,1663451400,60600.0,1,59235.0,16
4668,1663451400,246.0,1,,0
4675,1663451400,61089.0,12,59033.0,12
4694,1663451400,86.0,2000,,0
4695,1663451400,82.0,617,,0
4696,1663451400,7.0,3200,6.0,21233
4697,1663451400,,0,80.0,111
4698,1663451400,82.0,3001,79.0,30
4699,1663451400,8.0,32020,7.0,13059
4708,1663451400,,0,44000.0,2
4710,1663451400,115123.0,3,102411.0,1
4712,1663451400,4288825.0,3,4222702.0,3
4714,1663451400,3061525.0,5,3009912.0,2
4732,1663451400,59139.0,1,,0
4736,1663451400,,0,2212121.0,3
4738,1663451400,385549.0,2,378367.0,3
4740,1663451400,,0,76.0,2431
4749,1663451400,203583.0,2,,0
4751,1663451400,215123.0,1,,0
4753,1663451400,,0,124497.0,2
4755,1663451400,190000.0,2,185601.0,4
4759,1663451400,290000.0,1,288295.0,1
4798,1663451400,,0,172.0,949
4803,1663451400,1098.0,250,,0
4819,1663451400,4.0,76,,0
4820,1663451400,8.0,50,,0
4822,1663451400,,0,40.0,51
4823,1663451400,,0,136.0,1805
4827,1663451400,672.0,2,,0
4850,1663451400,,0,2350.0,20
4884,1663451400,,0,246000.0,11
4890,1663451400,,0,1116909.0,11
4896,1663451400,,0,670000.0,11
4902,1663451400,,0,861864.0,11
4932,1663451400,,0,20705.0,1
4956,1663451400,,0,60862.0,1
4974,1663451400,,0,164299.0,1
5075,1663451400,5650.0,1,5609.0,1304
5096,1663451400,2.0,14884,,0
5098,1663451400,1.0,99,,0
5100,1663451400,19.0,214,10.0,48
5281,1663451400,,0,100.0,1
5283,1663451400,,0,10.0,11
5284,1663451400,2.0,1,2.0,5
5285,1663451400,1.0,1,,0
5286,1663451400,3.0,2,3.0,1
5287,1663451400,,0,61.0,16
5288,1663451400,,0,1403.0,109
5289,1663451400,33422.0,1,33189.0,44
5290,1663451400,,0,101.0,6
5291,1663451400,,0,6.0,1
5292,1663451400,,0,3.0,40
5293,1663451400,,0,17.0,1
5294,1663451400,,0,38.0,38
5295,1663451400,31406.0,160,30433.0,307
5296,1663451400,1975.0,11,1984.0,542
5297,1663451400,33.0,100,32.0,8
5298,1663451400,312.0,5,300.0,10
5299,1663451400,,0,363.0,20
5300,1663451400,49550.0,111,47431.0,285
5301,1663451400,,0,251.0,22
5303,1663451400,,0,412.0,18
5304,1663451400,30234.0,2,29815.0,347
5305,1663451400,2.0,2000,2.0,3800
5306,1663451400,2.0,14,,0
5312,1663451400,25.0,1,25.0,135
5313,1663451400,273.0,60,271.0,13
5314,1663451400,,0,13850.0,79
5315,1663451400,48971.0,26,48306.0,60
5316,1663451400,79500.0,1,79500.0,83
5318,1663451400,1.0,1880,,0
5319,1663451400,1.0,1800,,0
5321,1663451400,13.0,926,9.0,100
5324,1663451400,1.0,1200,,0
5329,1663451400,1.0,6,,0
5341,1663451400,270.0,6,,0
5343,1663451400,140.0,4,,0
5350,1663451400,,0,5.0,1
5373,1663451400,50499.0,26,,0
5374,1663451400,83333.0,76,81683.0,1
5386,1663451400,1024.0,10,,0
5396,1663451400,292.0,79,,0
5406,1663451400,760.0,100,,0
5418,1663451400,1.0,4,,0
5438,1663451400,951.0,13,,0
5458,1663451400,300.0,2,,0
5478,1663451400,770.0,2,,0
5498,1663451400,,0,116.0,84
5499,1663451400,263.0,10,,0
5501,1663451400,2126.0,22,,0
5502,1663451400,34897.0,11,,0
5503,1663451400,529.0,3,,0
5504,1663451400,131.0,938,130.0,1198
5521,1663451400,794.0,450,,0
5523,1663451400,114.0,1,,0
5525,1663451400,45.0,2,40.0,932
5529,1663451400,589.0,1,,0
5531,1663451400,32.0,1,,0
5537,1663451400,30.0,4,27.0,1
5575,1663451400,7500.0,1,,0
5576,1663451400,5500.0,1,,0
5626,1663451400,20.0,1785,,0
5667,1663451400,,0,283.0,550
5678,1663451400,,0,4360.0,5
5698,1663451400,,0,20300.0,4
5730,1663451400,90000.0,1,,0
5743,1663451400,35195.0,2,,0
5747,1663451400,,0,15117.0,2
5755,1663451400,2300.0,2,2219.0,1
5759,1663451400,,0,32.0,22
5817,1663451400,,0,55001.0,6
5933,1663451400,1135.0,30,,0
5935,1663451400,356.0,84,357.0,759
5940,1663451400,,0,3028.0,60
5952,1663451400,2289.0,124,2208.0,218
5968,1663451400,945.0,2,,0
5970,1663451400,,0,25.0,26
5972,1663451400,1120.0,41,1113.0,619
5974,1663451400,2144.0,15,2093.0,501
5980,1663451400,,0,114.0,12
5982,1663451400,20.0,251,,0
5994,1663451400,,0,141.0,52
5998,1663451400,997.0,610,976.0,72
6004,1663451400,79.0,22,76.0,141
6016,1663451400,650.0,740,635.0,631
6018,1663451400,67.0,66,62.0,60
6032,1663451400,22.0,941,,0
6034,1663451400,339.0,2,322.0,438
6045,1663451400,,0,46.0,3
6049,1663451400,200.0,1,,0
6055,1663451400,,0,171.0,53
6129,1663451400,,0,38156.0,4
6141,1663451400,,0,22900.0,1
6285,1663451400,,0,400.0,10
6289,1663451400,19.0,9790,12.0,1925
6306,1663451400,7.0,1054,7.0,3000
6311,1663451400,779212.0,1,779212.0,1
6313,1663451400,,0,1451.0,3
6319,1663451400,,0,250.0,36
6322,1663451400,,0,630.0,14
6324,1663451400,,0,456.0,14
6326,1663451400,203.0,2,,0
6328,1663451400,280.0,8,184.0,1
6332,1663451400,282.0,7460,262.0,18001
6333,1663451400,118.0,320,112.0,12
6339,1663451400,1773.0,2,,0
6522,1663451400,,0,1209.0,2
6524,1663451400,308894.0,4,,0
6528,1663451400,160006.0,2,152006.0,1
6562,1663451400,,0,20501.0,2
6563,1663451400,65333.0,2,,0
6568,1663451400,568266.0,3,560000.0,3
6571,1663451400,,0,2095000.0,1
6585,1663451400,2095401.0,15,2052343.0,7
6609,1663451400,,0,1568.0,2
6667,1663451400,25.0,13,25.0,1
6685,1663451400,10820.0,3956,10643.0,1943
6687,1663451400,7850.0,4120,7800.0,2
6689,1663451400,,0,5037.0,8
6691,1663451400,,0,2483.0,14
6693,1663451400,5713.0,104,5610.0,503
6705,1663451400,222.0,1000,,0
6724,1663451400,15419.0,1,,0
6731,1663451400,305348.0,11,,0
6733,1663451400,3650000.0,2,3546739.0,9
6735,1663451400,37994.0,2,36185.0,2
6737,1663451400,2036708.0,4,2006099.0,5
6739,1663451400,45087.0,3,43701.0,4
6750,1663451400,656.0,2,,0
6812,1663451400,,0,2975.0,116
6889,1663451400,3237582.0,2,3182739.0,1
6914,1663451400,2994466.0,1,2848277.0,1
6920,1663451400,517065.0,7,510614.0,1
6924,1663451400,,0,4176368.0,1
6979,1663451400,400.0,1,,0
7060,1663451400,1048.0,527,1037.0,52
7082,1663451400,,0,551.0,1
7114,1663451400,407.0,8,201.0,3
7158,1663451400,139950.0,2,131200.0,1
7159,1663451400,397.0,1,,0
7188,1663451400,208.0,1,170.0,2
7198,1663451400,140.0,2,154.0,27
7208,1663451400,,0,480.0,46
7216,1663451400,,0,1222.0,2000
7218,1663451400,559.0,620,551.0,312
7319,1663451400,,0,4219.0,1
7329,1663451400,,0,100.0,5
7331,1663451400,,0,90.0,23
7336,1663451400,71000.0,1,58000.0,1
7340,1663451400,,0,2890.0,1
7358,1663451400,,0,2801.0,1
7360,1663451400,,0,32351.0,1
7388,1663451400,,0,19346.0,1
7398,1663451400,,0,49179.0,2
7399,1663451400,,0,78427.0,1
7400,1663451400,,0,13213.0,1
7416,1663451400,6762.0,212,6831.0,72
7418,1663451400,6151.0,450,5638.0,64
7441,1663451400,,0,1659.0,1
7443,1663451400,1200.0,1,,0
7468,1663451400,1388.0,3,,0
7650,1663451400,500.0,1,,0
7936,1663451400,1.0,44346,,0
7944,1663451400,192.0,200,192.0,788
7946,1663451400,283.0,9745,283.0,291
8007,1663451400,431.0,502,420.0,178
8008,1663451400,531.0,466,,0
8009,1663451400,491.0,174,491.0,1
8010,1663451400,318.0,161,,0
8011,1663451400,455.0,9,455.0,4
8013,1663451400,425.0,1605,436.0,174
8015,1663451400,807.0,110,780.0,297
8018,1663451400,700.0,1,,0
8429,1663451400,49158.0,2,,0
8526,1663451400,25469.0,1,,0
8590,1663451400,286.0,1,,0
8778,1663451400,437.0,7108,421.0,962
8780,1663451400,791.0,1896,777.0,1979
8782,1663451400,1913.0,4940,1856.0,4691
8784,1663451400,133438.0,3,,0
8786,1663451400,331000.0,26,325116.0,1
8788,1663451400,991000.0,9,,0
8790,1663451400,928.0,119,,0
8792,1663451400,557.0,2,550.0,4
8872,1663451400,1442.0,1,1300.0,1
8882,1663451400,8.0,10983,,0
8901,1663451400,,0,876834.0,2
8921,1663451400,945000.0,2,,0
9030,1663451400,,0,175.0,23
9038,1663451400,213.0,323,200.0,25
9075,1663451400,91.0,7481,88.0,367
9140,1663451400,17.0,900,16.0,59
9141,1663451400,50.0,90,50.0,90
9142,1663451400,73.0,1646,50.0,134
9143,1663451400,195.0,1601,185.0,999
9144,1663451400,280.0,800,272.0,4086
9174,1663451400,317.0,2,,0
9181,1663451400,477.0,1,,0
9183,1663451400,1478.0,3,,0
9185,1663451400,9594.0,55,9209.0,10
9188,1663451400,,0,220.0,9
9189,1663451400,24.0,39,24.0,1
9190,1663451400,37.0,52,37.0,116
9191,1663451400,86.0,1,83.0,389
9192,1663451400,169.0,1,167.0,3504
9193,1663451400,309.0,6993,296.0,5986
9194,1663451400,8252.0,105,8252.0,698
9240,1663451400,8.0,5052,10.0,10613
9241,1663451400,15.0,18010,,0
9242,1663451400,199.0,800,179.0,7522
9243,1663451400,,0,293.0,2917
9244,1663451400,387.0,1015,383.0,2438
9245,1663451400,,0,8620.0,1048
9337,1663451400,,0,94.0,1165
9339,1663451400,,0,271.0,4461
9340,1663451400,354.0,2,345.0,15241
9381,1663451400,,0,312.0,40
9418,1663451400,969.0,1,,0
9419,1663451400,1036.0,8,,0
9431,1663451400,,0,9246.0,12
9470,1663451400,,0,615654.0,2
9666,1663451400,27000.0,2,,0
9672,1663451400,5149.0,1,4300.0,1
9674,1663451400,12000.0,6,,0
9735,1663451400,45.0,100,41.0,1032
9739,1663451400,468.0,280,,0
9998,1663451400,5455.0,26,,0
10006,1663451400,,0,5.0,1
10008,1663451400,46.0,348,,0
10010,1663451400,25.0,2,,0
10012,1663451400,125.0,25,,0
10025,1663451400,,0,205.0,150
10029,1663451400,4.0,4,,0
10033,1663451400,950.0,500,911.0,1
10034,1663451400,1248.0,5319,1209.0,283
10069,1663451400,1849.0,1,,0
10083,1663451400,,0,1701.0,6
10088,1663451400,20.0,644,,0
10089,1663451400,,0,113.0,8
10090,1663451400,,0,300.0,30
10113,1663451400,,0,484.0,9
10115,1663451400,,0,446.0,1
10129,1663451400,22.0,1,,0
10144,1663451400,1.0,10005,,0
10159,1663451400,626.0,1,,0
10282,1663451400,,0,2850.0,2
10286,1663451400,,0,55016.0,1
10304,1663451400,,0,2688.0,1
10320,1663451400,26281.0,1,,0
10324,1663451400,19418.0,2,18550.0,1
10326,1663451400,,0,111.0,19
10336,1663451400,5620000.0,1,,0
10364,1663451400,13604.0,1,,0
10368,1663451400,113995.0,1,,0
10372,1663451400,386284.0,6,372243.0,1
10378,1663451400,128609.0,1,,0
10380,1663451400,328949.0,1,303292.0,7
10382,1663451400,,0,55000.0,1
10384,1663451400,,0,34000.0,1
10388,1663451400,413800.0,1,,0
10390,1663451400,68995.0,1,,0
10402,1663451400,,0,1780.0,2
10418,1663451400,,0,4444.0,1
10450,1663451400,16631.0,1,,0
10464,1663451400,,0,108880.0,1
10470,1663451400,,0,5098.0,1
10474,1663451400,,0,3724.0,1
10476,1663451400,5959.0,420,5813.0,95
10496,1663451400,790.0,2,,0
10810,1663451400,582.0,97,,0
10812,1663451400,831.0,8,,0
10822,1663451400,1500.0,3,,0
10824,1663451400,,0,1000.0,2
10826,1663451400,,0,2293.0,1
10828,1663451400,44437.0,20,42327.0,8
10925,1663451400,43101.0,256,42616.0,26
10929,1663451400,,0,20026.0,1
10973,1663451400,,0,51.0,1
11037,1663451400,,0,155000.0,1
11065,1663451400,525.0,1,,0
11069,1663451400,229.0,713,160.0,3900
11072,1663451400,,0,584.0,13
11079,1663451400,,0,737.0,1
11085,1663451400,,0,1136.0,1645
11092,1663451400,1990.0,2,1982.0,1
11095,1663451400,,0,2220.0,2590
11105,1663451400,12239.0,6,,0
11113,1663451400,11901.0,6,11901.0,13
11115,1663451400,,0,11619.0,2
11118,1663451400,12600.0,6,,0
11126,1663451400,12267.0,1,12242.0,5
11128,1663451400,2149000.0,6,2104031.0,1
11133,1663451400,2030611.0,1,1980215.0,2
11212,1663451400,2871.0,11268,2808.0,20735
11230,1663451400,3381.0,12715,3301.0,2502
11232,1663451400,3354.0,597,3344.0,6492
11235,1663451400,451170.0,2,442296.0,3
11237,1663451400,,0,2810.0,1443
11238,1663451400,,0,2300.0,14
11240,1663451400,,0,2771.0,25
11242,1663451400,3540.0,20,3426.0,136
11244,1663451400,,0,2090.0,10
11246,1663451400,,0,2404.0,11
11248,1663451400,3700.0,1048,3692.0,1066
11250,1663451400,,0,5105.0,90
11252,1663451400,,0,22001.0,211
11254,1663451400,,0,36908.0,13
11256,1663451400,,0,383690.0,3
11260,1663451400,998.0,1522,983.0,1018
11284,1663451400,2905000.0,1,2849000.0,1
11328,1663451400,,0,10.0,8
11330,1663451400,,0,6.0,3
11332,1663451400,,0,56.0,2
11369,1663451400,1.0,1,,0
11377,1663451400,,0,11830.0,5
11465,1663451400,3000.0,201,2000.0,2
11473,1663451400,268.0,3,,0
11785,1663451400,33000000.0,1,32761421.0,3
11791,1663451400,3633998.0,1,,0
11798,1663451400,485334.0,1,,0
11802,1663451400,8646748.0,9,8532412.0,4
11804,1663451400,21250000.0,2,20888499.0,4
11806,1663451400,,0,19111111.0,4
11816,1663451400,,0,3115010.0,1
11824,1663451400,12112848.0,1,11792404.0,2
11826,1663451400,9000000.0,1,8983093.0,11
11828,1663451400,36135659.0,5,35680072.0,9
11830,1663451400,27003903.0,3,26780666.0,5
11832,1663451400,28583376.0,2,28583384.0,1
11834,1663451400,23650000.0,3,23384728.0,2
11836,1663451400,203912.0,2,,0
11838,1663451400,262658.0,1,251871.0,1
11840,1663451400,114959.0,12,113122.0,7
11874,1663451400,62.0,5100,,0
11875,1663451400,57.0,300,56.0,3165
11876,1663451400,56.0,13000,56.0,6000
11889,1663451400,12017499.0,4,11827901.0,5
11905,1663451400,774734.0,4,769234.0,1
11908,1663451400,,0,40501.0,5
11920,1663451400,7844365.0,4,7746134.0,3
11926,1663451400,2325175.0,3,2268922.0,1
11931,1663451400,,0,1177777.0,2
11940,1663451400,5.0,663,,0
11943,1663451400,,0,3903.0,7
11951,1663451400,,0,126.0,413
11953,1663451400,,0,115.0,5
11957,1663451400,42.0,20,,0
11959,1663451400,2414.0,3465,2391.0,7404
11964,1663451400,44628.0,4,,0
11968,1663451400,12230.0,1005,12229.0,28
11972,1663451400,13069.0,64,,0
11978,1663451400,10671.0,1689,10559.0,19
11980,1663451400,13604.0,552,13090.0,1
11992,1663451400,1000.0,5,1000.0,237
11994,1663451400,,0,150.0,72
12000,1663451400,1308934.0,2,,0
12002,1663451400,335183.0,6,323751.0,4
12004,1663451400,492425.0,1,482473.0,2
12195,1663451400,,0,78610.0,1
12199,1663451400,5594.0,2,,0
12225,1663451400,90000.0,1,,0
12235,1663451400,367000.0,1,,0
12259,1663451400,,0,25382.0,1
12263,1663451400,,0,5000.0,1
12265,1663451400,,0,45114.0,1
12271,1663451400,25620.0,2,,0
12297,1663451400,,0,1613.0,3
12299,1663451400,822.0,2,,0
12327,1663451400,,0,5888.0,1
12329,1663451400,,0,6317.0,1
12337,1663451400,,0,665000.0,2
12357,1663451400,,0,85000.0,1
12363,1663451400,,0,50000.0,1
12379,1663451400,,0,7200.0,1
12402,1663451400,10779.0,9,10515.0,12
12403,1663451400,9700.0,34,9551.0,23
12404,1663451400,532.0,2,505.0,2
12405,1663451400,3786.0,25,,0
12406,1663451400,18585.0,23,,0
12407,1663451400,,0,359.0,7
12408,1663451400,1800.0,50,1756.0,21
12409,1663451400,6877.0,58,,0
12410,1663451400,4373.0,5,2100.0,40
12411,1663451400,572.0,6,,0
12428,1663451400,,0,15000.0,1
12476,1663451400,,0,23035.0,1
12492,1663451400,146236.0,1,,0
12494,1663451400,,0,216902.0,5
12500,1663451400,,0,134168.0,1
12502,1663451400,304878.0,1,,0
12522,1663451400,7000.0,1,,0
12526,1663451400,569886.0,1,542613.0,1
12596,1663451400,2796500.0,4,2772882.0,1
12598,1663451400,960000.0,2,,0
12601,1663451400,,0,16300000.0,2
12605,1663451400,,0,227444.0,2
12613,1663451400,,0,2600.0,1
12617,1663451400,,0,8102.0,1
12618,1663451400,,0,7876.0,1
12619,1663451400,,0,9201.0,1
12624,1663451400,,0,15031.0,1
12625,1663451400,4965.0,1177,4855.0,60
12627,1663451400,3444.0,4,,0
12631,1663451400,1365.0,100,,0
12640,1663451400,898.0,1710,875.0,439
12642,1663451400,4958.0,4,4889.0,24
12695,1663451400,10352.0,110,10152.0,2726
12697,1663451400,,0,8046.0,4
12701,1663451400,,0,2363.0,5
12778,1663451400,2000.0,2,1333.0,55
12786,1663451400,,0,65055.0,1
12789,1663451400,245999.0,1,202444.0,1
12817,1663451400,,0,658000000.0,1
12821,1663451400,54931024.0,1,54000000.0,1
12825,1663451400,111999999.0,1,110050000.0,2
12829,1663451400,51021.0,4,42500.0,2
12831,1663451400,737000.0,2,722582.0,2
12833,1663451400,,0,665000.0,1
12851,1663451400,34275.0,1,,0
12863,1663451400,764000.0,4,,0
12871,1663451400,16157.0,12,,0
12873,1663451400,1570968.0,3,1537636.0,2
12875,1663451400,899000.0,1,,0
12877,1663451400,,0,3208857.0,5
12883,1663451400,2975000.0,1,,0
12900,1663451400,4470833.0,1,4471204.0,1
12902,1663451400,7837496.0,3,7770009.0,1
12905,1663451400,5827.0,1,5610.0,1
12907,1663451400,,0,4301.0,1
12913,1663451400,12600.0,209,12365.0,10
12915,1663451400,,0,8555.0,4
12917,1663451400,,0,6050.0,1
12922,1663451400,4500020.0,1,4505000.0,1
12924,1663451400,4725000.0,1,4652791.0,4
12929,1663451400,4570505.0,3,4490234.0,6
12932,1663451400,4400000.0,1,,0
12934,1663451400,222.0,195482,218.0,96378
12938,1663451400,16567.0,107,16414.0,861
12972,1663451400,693.0,2,,0
12984,1663451400,2256.0,1,,0
13012,1663451400,18887.0,1,,0
13044,1663451400,620000.0,1,,0
13157,1663451400,68000.0,1,,0
13159,1663451400,73450.0,1,,0
13167,1663451400,583171.0,2,,0
13171,1663451400,545000.0,1,,0
13173,1663451400,53807.0,3,,0
13190,1663451400,5461600.0,55,5507490.0,11
13227,1663451400,1561060.0,1,1561060.0,1
13235,1663451400,2119294.0,6,2085644.0,3
13237,1663451400,30875243.0,3,30515057.0,5
13239,1663451400,28015958.0,4,27530607.0,9
13256,1663451400,120000.0,1,,0
13263,1663451400,,0,12941730.0,2
13265,1663451400,2979585.0,2,,0
13271,1663451400,,0,2973200.0,2
13385,1663451400,1000.0,2,,0
13421,1663451400,6.0,18,6.0,2656
13439,1663451400,,0,1384.0,126
13441,1663451400,1500.0,218,1459.0,148
13454,1663451400,,0,375.0,1
13475,1663451400,1047.0,6,1047.0,57
13478,1663451400,,0,1614.0,139
13481,1663451400,,0,1742.0,5
13484,1663451400,,0,1455.0,1
13490,1663451400,,0,1728.0,9
13493,1663451400,,0,1635.0,3
13496,1663451400,,0,2923.0,38
13502,1663451400,4019.0,19,4018.0,40
13505,1663451400,,0,3300.0,18
13508,1663451400,4296.0,94,4245.0,39
13511,1663451400,,0,7500.0,191
13573,1663451400,,0,310.0,2150
13576,1663451400,28782107.0,2,28649950.0,5
13652,1663451400,100673832.0,6,99677750.0,8
19478,1663451400,,0,350000.0,1
19481,1663451400,580319.0,3,570500.0,1
19484,1663451400,847.0,400,833.0,42
19544,1663451400,14409144.0,2,14205025.0,1
19547,1663451400,14559812.0,3,14546466.0,6
19553,1663451400,14681443.0,13,14436940.0,13
19578,1663451400,133.0,50,,0
19580,1663451400,693.0,2000,671.0,3065
19582,1663451400,976.0,1200,952.0,1876
19584,1663451400,1.0,2235,,0
19586,1663451400,,0,29177.0,2
19589,1663451400,,0,243260.0,2
19601,1663451400,29087.0,1,,0
19610,1663451400,,0,243252.0,1
19615,1663451400,2494.0,2,,0
19617,1663451400,2600.0,1,,0
19619,1663451400,2572.0,40,,0
19621,1663451400,2522.0,33,,0
19623,1663451400,2354.0,2,,0
19629,1663451400,3441.0,45,3419.0,10
19631,1663451400,3213.0,6,3103.0,9
19653,1663451400,,0,901.0,8
19662,1663451400,1995.0,20,1452.0,9
19669,1663451400,,0,338.0,508
19672,1663451400,,0,2439.0,2560
19918,1663451400,,0,6500.0,1
19921,1663451400,574616.0,1,,0
19924,1663451400,,0,332150.0,1
19927,1663451400,352795.0,1,343269.0,1
19933,1663451400,309713.0,1,294346.0,1
19936,1663451400,365764.0,1,,0
19994,1663451400,442809.0,3,480981.0,1
20044,1663451400,,0,45000.0,1
20062,1663451400,3686704.0,2,3421553.0,2
20065,1663451400,4146000.0,1,3906111.0,1
20131,1663451400,76884.0,2,,0
20146,1663451400,610000.0,1,,0
20155,1663451400,,0,3157995.0,1
20211,1663451400,,0,3701500.0,1
20214,1663451400,,0,1760000.0,1
20217,1663451400,1501359.0,1,,0
20220,1663451400,,0,11150.0,1
20226,1663451400,5324.0,4,4500.0,1
20229,1663451400,8000.0,2,,0
20232,1663451400,11558.0,6,10655.0,1
20235,1663451400,4822.0,5,,0
20238,1663451400,,0,302.0,14
20243,1663451400,,0,3412.0,1
20266,1663451400,,0,22500.0,1
20272,1663451400,,0,2500.0,2
20595,1663451400,,0,275000.0,1
20716,1663451400,702543.0,2,698030.0,1
20718,1663451400,2172.0,2434,2100.0,40
20724,1663451400,26093449.0,1,25682732.0,2
20727,1663451400,59854.0,4,56500.0,3
20730,1663451400,55121.0,1,,0
20736,1663451400,10636.0,2,12958.0,1
20849,1663451400,,0,386.0,1
20997,1663451400,1286276476.0,2,1283550001.0,4
21000,1663451400,9861054.0,6,9680544.0,2
21003,1663451400,8057489.0,1,7933602.0,2
21009,1663451400,67624.0,1,65333.0,7
21012,1663451400,67188000.0,1,66359000.0,2
21015,1663451400,7475873.0,2,,0
21018,1663451400,11734844.0,5,11518387.0,3
21021,1663451400,,0,120764062.0,2
21024,1663451400,,0,99333000.0,1
21028,1663451400,827304.0,2,,0
21034,1663451400,,0,32111000.0,1
21047,1663451400,47000.0,1,46320.0,5
21079,1663451400,1196997.0,1,,0
21143,1663451400,1346.0,1076,1206.0,20
21146,1663451400,1030.0,101,,0
21163,1663451400,1209.0,102,,0
21166,1663451400,3450.0,21,3390.0,8
21177,1663451400,1120.0,10,,0
21257,1663451400,1892.0,2,,0
21279,1663451400,2258564.0,1,,0
21298,1663451400,554998.0,2,,0
21301,1663451400,885520.0,1,,0
21304,1663451400,817344.0,3,795831.0,1
21316,1663451400,318.0,2000,304.0,2776
21326,1663451400,227.0,4251,223.0,2056
21338,1663451400,266.0,1969,,0
21347,1663451400,,0,4633.0,435
21480,1663451400,2168.0,54,2145.0,4
21483,1663451400,620.0,402,,0
21486,1663451400,51.0,3,50.0,8
21488,1663451400,,0,2105.0,35
21504,1663451400,,0,235.0,1064
21512,1663451400,1297.0,3,,0
21515,1663451400,840.0,20,,0
21543,1663451400,46.0,20,,0
21545,1663451400,42.0,10,,0
21555,1663451400,21.0,3308,21.0,40
21622,1663451400,67.0,100,67.0,100
21634,1663451400,16493387.0,1,,0
21649,1663451400,1293420.0,1,,0
21652,1663451400,3019.0,468,2998.0,400
21690,1663451400,1200.0,10,,0
21733,1663451400,2395478.0,1,2446543.0,1
21742,1663451400,95178.0,1,,0
21802,1663451400,527.0,25,515.0,26
21804,1663451400,,0,152000.0,10
21807,1663451400,,0,493321.0,10
21810,1663451400,,0,994001.0,3
21813,1663451400,,0,1981670.0,6
21817,1663451400,43336.0,372,43212.0,618
21820,1663451400,170.0,79719,166.0,18242
21838,1663451400,5636.0,6,,0
21880,1663451400,215.0,401,212.0,925
21882,1663451400,105000000.0,1,,0
21892,1663451400,2343995.0,1,,0
21902,1663451400,1014042.0,3,1002168.0,11
21905,1663451400,1950.0,226,1935.0,1
21930,1663451400,1963.0,149,1960.0,9338
21932,1663451400,2142.0,200,,0
21944,1663451400,2279.0,5185,2185.0,3775
21946,1663451400,2190.0,3368,,0
21948,1663451400,1746.0,1100,1715.0,70
21969,1663451400,2178.0,26,2150.0,1001
21971,1663451400,2227.0,315,,0
21978,1663451400,12499.0,30,12283.0,29
22003,1663451400,14938024.0,1,,0
22111,1663451400,149999.0,3,133134.0,1
22118,1663451400,,0,230.0,1
22124,1663451400,11519.0,1000,11673.0,1291
22198,1663451400,1117.0,150,,0
22201,1663451400,1903.0,4,,0
22204,1663451400,1041.0,500,,0
22209,1663451400,10587.0,110,,0
22212,1663451400,,0,8171.0,1
22215,1663451400,,0,5385.0,2
22231,1663451400,31566.0,2,,0
22246,1663451400,6978305.0,2,6720414.0,1
22254,1663451400,2.0,204,13.0,212
22272,1663451400,264.0,1,,0
22284,1663451400,,0,16450.0,2
22296,1663451400,,0,3438292.0,1
22299,1663451400,,0,3931224.0,1
22324,1663451400,112271999.0,8,111335361.0,5
22326,1663451400,,0,10426090.0,4
22327,1663451400,10150000.0,1,,0
22328,1663451400,,0,9387939.0,1
22368,1663451400,5987254.0,2,,0
22438,1663451400,30750000.0,1,,0
22446,1663451400,7200.0,3,7014.0,2332
22449,1663451400,11292.0,32,,0
22461,1663451400,12301.0,333,,0
22464,1663451400,8997.0,2,,0
22477,1663451400,,0,83666666.0,1
22481,1663451400,90637615.0,1,89070130.0,2
22542,1663451400,11229994.0,2,10960877.0,4
22547,1663451400,32333152.0,2,,0
22557,1663451400,401544.0,7,,0
22593,1663451400,60.0,1700,,0
22599,1663451400,850.0,20,,0
22601,1663451400,1600.0,14,,0
22603,1663451400,791.0,100,,0
22731,1663451400,,0,35050.0,1
22780,1663451400,,0,1617.0,273
22786,1663451400,6345.0,735,6345.0,327
22804,1663451400,,0,1810.0,49
22856,1663451400,84212.0,12,,0
22859,1663451400,30692.0,20,,0
22866,1663451400,150000.0,1,,0
22869,1663451400,82535.0,4,79700.0,2
22871,1663451400,,0,32015.0,4
22877,1663451400,,0,142369.0,24
22879,1663451400,2156.0,14,2155.0,54
22929,1663451400,810.0,60,,0
22935,1663451400,7760.0,52,7760.0,6
22949,1663451400,,0,2207.0,92
22951,1663451400,485445.0,1,474000.0,1
22954,1663451400,,0,1040000.0,1
22960,1663451400,,0,55125.0,1
22963,1663451400,,0,36679.0,2
22975,1663451400,4670928.0,18,4588318.0,9
22978,1663451400,48586639.0,18,48222620.0,3
22983,1663451400,4660773.0,2,,0
23002,1663451400,10736.0,4,,0
23037,1663451400,401.0,2,,0
23050,1663451400,176590.0,2,175600.0,1
23053,1663451400,163356.0,2,,0
23113,1663451400,154999.0,2,,0
23185,1663451400,1574999.0,1,,0
23191,1663451400,166043.0,1,,0
23246,1663451400,,0,2000001.0,3
23249,1663451400,171202.0,1,,0
23258,1663451400,788565.0,1,,0
23261,1663451400,4066999.0,1,,0
23264,1663451400,4227395.0,1,,0
23324,1663451400,,0,38765.0,1
23360,1663451400,,0,3015018.0,1
23389,1663451400,480000.0,2,461095.0,2
23404,1663451400,,0,9354.0,1
23410,1663451400,60000.0,1,36259.0,2
23413,1663451400,48381.0,1,,0
23499,1663451400,,0,44444.0,11
23517,1663451400,,0,52800.0,8
23528,1663451400,199932.0,1,195000.0,1
23685,1663451400,13951.0,460,13800.0,52
23688,1663451400,,0,10230.0,1
23691,1663451400,7455.0,100,6625.0,1
23694,1663451400,3698.0,500,,0
23709,1663451400,2993.0,180,,0
23718,1663451400,,0,500.0,614
23733,1663451400,2164.0,1951,,0
23736,1663451400,,0,2114.0,6
23739,1663451400,1462.0,80,900.0,1
23745,1663451400,2498.0,1,2154.0,38
23943,1663451400,,0,1615000.0,2
23953,1663451400,,0,7182000.0,1
23956,1663451400,9170753.0,16,8963413.0,3
23959,1663451400,3229387.0,12,3225265.0,2
24187,1663451400,929000.0,2,917000.0,2
24229,1663451400,795292.0,10,779370.0,3
24268,1663451400,20690438.0,3,20200000.0,4
24405,1663451400,,0,111881.0,1
24407,1663451400,,0,190000.0,1
24417,1663451400,245222000.0,2,,0
24587,1663451400,4424863.0,2,4197368.0,2
24589,1663451400,939.0,361,921.0,392
24592,1663451400,1349.0,24,1320.0,267
24595,1663451400,,0,500.0,5
24598,1663451400,8371.0,513,8101.0,22
24607,1663451400,459.0,430,453.0,1315
24609,1663451400,7.0,22,7.0,93
24611,1663451400,15.0,193,15.0,16
24613,1663451400,308.0,600,299.0,251
24615,1663451400,95.0,520,91.0,141
24621,1663451400,95.0,139,95.0,65
24635,1663451400,15500.0,272,15200.0,2
24644,1663451400,4672.0,30,,0
24740,1663451400,,0,89000.0,2
24777,1663451400,9400000.0,4,9435000.0,2
24953,1663451400,928.0,1,,0
24957,1663451400,700.0,2,,0
24961,1663451400,1887.0,1,1832.0,69
25389,1663451400,97062.0,1,,0
25395,1663451400,27061.0,1,,0
25401,1663451400,99411.0,1,,0
25404,1663451400,191944.0,1,,0
25410,1663451400,34684.0,2,,0
25413,1663451400,108103.0,1,,0
25478,1663451400,,0,3000.0,1
25578,1663451400,,0,599.0,20
25766,1663451400,,0,138.0,1
25769,1663451400,,0,500.0,10
25772,1663451400,,0,1545.0,35
25775,1663451400,,0,2668.0,117
25778,1663451400,4887.0,2000,4349.0,21
25849,1663451400,434.0,7852,423.0,6293
25853,1663451400,563.0,11273,553.0,1
25862,1663451400,181317191.0,4,181000000.0,2
25975,1663451400,20209500.0,2,19743593.0,6
25985,1663451400,17820000.0,2,17337333.0,3
26219,1663451400,188155555.0,9,186564500.0,8
26231,1663451400,3400.0,13,3280.0,23
26233,1663451400,,0,27251000.0,1
26235,1663451400,209344990.0,4,204260000.0,2
26340,1663451400,985.0,172,,0
26374,1663451400,,0,237470890.0,7
26382,1663451400,192545000.0,2,189355197.0,3
26384,1663451400,487701098.0,4,487110492.0,1
26386,1663451400,428203800.0,5,,0
26390,1663451400,74378.0,25,73501.0,104
26479,1663451400,659997.0,5,,0
26541,1663451400,19018.0,3,,0
26798,1663451400,,0,3764.0,3
26801,1663451400,11967.0,1,,0
26945,1663451400,6909156.0,4,6769001.0,1
26997,1663451400,3943.0,5,3943.0,31
27014,1663451400,60500.0,5,,0
27202,1663451400,1101.0,3022,1000.0,2
27226,1663451400,,0,55111111.0,2
27235,1663451400,67489000.0,1,65666666.0,2
27238,1663451400,342000000.0,1,342000000.0,1
27272,1663451400,,0,1659.0,962
