2,1615381800,166.0,83925,165.0,9911
6,1615381800,,0,182704.0,2
8,1615381800,,0,183317.0,3
10,1615381800,,0,182502.0,3
12,1615381800,,0,198183.0,3
28,1615381800,,0,4.0,1
30,1615381800,550.0,4,,0
36,1615381800,175.0,10,32.0,5
41,1615381800,,0,22.0,6000
42,1615381800,38.0,330,,0
43,1615381800,80.0,15164,75.0,33
44,1615381800,224.0,100,217.0,110
45,1615381800,20.0,5,20.0,9
46,1615381800,35.0,474,35.0,474
52,1615381800,1.0,19070,,0
53,1615381800,6.0,11775,6.0,7000
54,1615381800,19.0,1,,0
60,1615381800,43.0,90,,0
62,1615381800,72.0,505,66.0,2811
66,1615381800,315.0,10000,313.0,2863
70,1615381800,1027.0,2857,1015.0,16
91,1615381800,90.0,42,81.0,1731
93,1615381800,,0,52.0,25
95,1615381800,182.0,50,178.0,38
97,1615381800,880.0,42,840.0,10
99,1615381800,7199.0,1785,7183.0,199
101,1615381800,,0,758.0,242
103,1615381800,,0,1805.0,12
105,1615381800,1436.0,3672,1427.0,162
107,1615381800,1800.0,2001,1775.0,9
109,1615381800,640.0,1080,,0
113,1615381800,356.0,470,344.0,2
115,1615381800,,0,250.0,1
117,1615381800,,0,166.0,4
139,1615381800,7400.0,30,7063.0,265
141,1615381800,,0,4701.0,11
143,1615381800,,0,2333.0,1
157,1615381800,1225.0,1,1169.0,1846
163,1615381800,,0,676.0,1
165,1615381800,,0,438.0,2
169,1615381800,,0,209.0,480
171,1615381800,,0,95.0,3
173,1615381800,82.0,41,62.0,1
175,1615381800,138.0,1,,0
181,1615381800,,0,201.0,1
187,1615381800,,0,250.0,4
199,1615381800,,0,21.0,146
201,1615381800,24.0,1461,23.0,42
203,1615381800,122.0,40,122.0,185
205,1615381800,775.0,10,751.0,180
207,1615381800,7000.0,72,7015.0,1435
209,1615381800,683.0,44,676.0,673
211,1615381800,1705.0,1702,1701.0,603
213,1615381800,1342.0,1,1318.0,900
215,1615381800,1638.0,1,1630.0,824
217,1615381800,,0,500.0,650
219,1615381800,,0,7642.0,339
221,1615381800,3.0,1743,,0
223,1615381800,499.0,408,475.0,174
225,1615381800,,0,728.0,1160
227,1615381800,3.0,14489,3.0,2100
229,1615381800,3.0,39,3.0,1319
231,1615381800,430.0,2971,420.0,9648
233,1615381800,148.0,4,,0
237,1615381800,230.0,1,223.0,111
239,1615381800,270.0,502,263.0,643
245,1615381800,,0,1376.0,228
247,1615381800,262.0,1,,0
249,1615381800,31.0,1,30.0,84
251,1615381800,27.0,3,26.0,49
253,1615381800,134.0,3,133.0,63
255,1615381800,793.0,1,765.0,198
257,1615381800,7104.0,719,7075.0,957
259,1615381800,707.0,12,704.0,27
261,1615381800,1738.0,3604,1721.0,6876
263,1615381800,1329.0,1,1312.0,3411
265,1615381800,1652.0,3830,1650.0,22
267,1615381800,,0,483.0,140
269,1615381800,,0,7690.0,120
288,1615381800,400.0,2,,0
299,1615381800,,0,365.0,40
301,1615381800,154.0,4,159.0,1
303,1615381800,131.0,7,90.0,1
307,1615381800,80.0,44,45.0,4
309,1615381800,48.0,4,,0
311,1615381800,,0,150.0,2
313,1615381800,,0,5.0,10
314,1615381800,3.0,147639,2.0,57140
315,1615381800,,0,21.0,1
319,1615381800,,0,170.0,128
321,1615381800,,0,105.0,15
327,1615381800,40.0,1,40.0,100
329,1615381800,109.0,763,107.0,21
331,1615381800,94.0,200,92.0,15
333,1615381800,27.0,20,23.0,17
335,1615381800,62.0,4,61.0,17
341,1615381800,750.0,21,106.0,1
345,1615381800,,0,79.0,7
353,1615381800,,0,55.0,3
355,1615381800,,0,15.0,2
359,1615381800,,0,90.0,293
361,1615381800,107.0,3521,,0
365,1615381800,205.0,37,,0
371,1615381800,369.0,8,366.0,184
373,1615381800,390.0,12371,381.0,1110
377,1615381800,194.0,1,191.0,849
379,1615381800,200.0,3094,192.0,6578
383,1615381800,584.0,2497,579.0,769
385,1615381800,726.0,19106,724.0,6124
389,1615381800,,0,1071.0,15
391,1615381800,1177.0,1231,1175.0,8309
395,1615381800,,0,655.0,187
397,1615381800,,0,871.0,140
401,1615381800,21.0,4,21.0,1500
407,1615381800,97.0,2,,0
428,1615381800,,0,62.0,2
434,1615381800,,0,100.0,3
436,1615381800,85.0,57,80.0,6
438,1615381800,,0,88.0,22
440,1615381800,45.0,5937,43.0,17787
442,1615381800,39.0,3989,39.0,8938
444,1615381800,155.0,49131,155.0,2843
447,1615381800,92.0,4716,92.0,13085
449,1615381800,980.0,717,976.0,4012
451,1615381800,11198.0,390,11110.0,8850
453,1615381800,195.0,25054,193.0,55909
526,1615381800,88.0,176,80.0,14
530,1615381800,377.0,2,,0
532,1615381800,177.0,17,170.0,617
534,1615381800,,0,502.0,213
536,1615381800,1777.0,13876,1774.0,5046
542,1615381800,268.0,1,185.0,2
544,1615381800,408.0,23,361.0,3
554,1615381800,5.0,141698,4.0,2080
555,1615381800,4.0,14767,5.0,16880
556,1615381800,5.0,51913,4.0,59
557,1615381800,5.0,49997,,0
558,1615381800,4.0,35284,3.0,27641
559,1615381800,5.0,2181,5.0,64
560,1615381800,199.0,84088,197.0,72905
561,1615381800,197.0,72661,194.0,29917
562,1615381800,49.0,142629,48.0,29819
563,1615381800,144.0,5357,142.0,8508
564,1615381800,156.0,11920,159.0,34955
565,1615381800,390.0,26361,387.0,38993
566,1615381800,144.0,17013,142.0,8908
567,1615381800,95.0,606,95.0,3475
569,1615381800,,0,1100.0,57
571,1615381800,,0,1209.0,26
573,1615381800,1072.0,1581,1066.0,4
577,1615381800,,0,860.0,9
579,1615381800,103.0,1,90.0,1
581,1615381800,899.0,35,818.0,11
590,1615381800,,0,90.0,2
592,1615381800,53.0,19,52.0,232
650,1615381800,1.0,1,,0
662,1615381800,,0,486.0,1
753,1615381800,98.0,31,,0
805,1615381800,219.0,12,200.0,1456
806,1615381800,,0,150.0,606
807,1615381800,8.0,500,,0
808,1615381800,3.0,13581,2.0,3932
809,1615381800,5.0,18887,,0
810,1615381800,80.0,42700,77.0,9273
811,1615381800,952.0,3678,947.0,813
816,1615381800,,0,67.0,16
817,1615381800,946.0,27,946.0,44
819,1615381800,36.0,600,,0
821,1615381800,51.0,1902,,0
822,1615381800,85.0,19792,,0
823,1615381800,202.0,41230,,0
824,1615381800,1234.0,10,1231.0,4740
826,1615381800,,0,11.0,2
829,1615381800,,0,75.0,91
830,1615381800,,0,162.0,8097
839,1615381800,23.0,1,,0
841,1615381800,50.0,2,49.0,1
845,1615381800,61.0,1,,0
849,1615381800,75.0,1,,0
851,1615381800,264.0,1,259.0,4961
853,1615381800,194.0,2,182.0,1
855,1615381800,540.0,2666,529.0,5710
857,1615381800,375.0,2,372.0,2
859,1615381800,1246.0,3842,1245.0,4546
861,1615381800,819.0,8,804.0,6
863,1615381800,26.0,2,,0
867,1615381800,,0,255.0,22
868,1615381800,,0,312.0,248
869,1615381800,39.0,119,36.0,46
877,1615381800,2.0,562,,0
882,1615381800,,0,4.0,218
884,1615381800,4.0,17432,3.0,1269
886,1615381800,10.0,1756,10.0,2303
888,1615381800,10.0,5124,,0
890,1615381800,31.0,5383,31.0,14348
892,1615381800,38.0,37262,38.0,4399
946,1615381800,60.0,43,58.0,2
948,1615381800,,0,105.0,1
950,1615381800,13.0,30,,0
952,1615381800,167.0,111,150.0,1
954,1615381800,50.0,121,,0
960,1615381800,303.0,182,302.0,146
970,1615381800,155.0,7,158.0,6
973,1615381800,132.0,10,,0
975,1615381800,186.0,2,,0
983,1615381800,850.0,2,710.0,2
985,1615381800,10299.0,276,10178.0,22
987,1615381800,10587.0,12,10587.0,38
989,1615381800,21500.0,79,21231.0,67
993,1615381800,,0,33558.0,11
1005,1615381800,30.0,1,,0
1011,1615381800,249.0,1,,0
1013,1615381800,54.0,1,,0
1017,1615381800,,0,225.0,1
1019,1615381800,,0,355.0,1
1021,1615381800,315.0,1,,0
1027,1615381800,850.0,1,800.0,1
1033,1615381800,3150.0,18,2721.0,1
1035,1615381800,787.0,4,686.0,4
1042,1615381800,,0,6378.0,2
1050,1615381800,7000.0,1,,0
1059,1615381800,55.0,4,15.0,80
1061,1615381800,112.0,3,38.0,2
1063,1615381800,6.0,2,,0
1065,1615381800,1262.0,1,1257.0,1
1067,1615381800,124.0,2,123.0,4
1069,1615381800,394.0,2,388.0,3
1071,1615381800,1450.0,1,1400.0,7
1073,1615381800,3543.0,4,3565.0,8
1077,1615381800,,0,1133.0,4
1079,1615381800,37854.0,177,37806.0,44
1083,1615381800,,0,413.0,1
1093,1615381800,38400.0,21,38000.0,44
1095,1615381800,15.0,1,7.0,252
1097,1615381800,388.0,2,309.0,1
1099,1615381800,2199.0,5,2149.0,2
1101,1615381800,99.0,2,65.0,3
1103,1615381800,,0,8.0,1
1105,1615381800,599.0,1,251.0,1
1109,1615381800,,0,995.0,6
1111,1615381800,2850.0,1,2690.0,3
1113,1615381800,29529.0,17,29519.0,81
1115,1615381800,145.0,2,120.0,131
1119,1615381800,998.0,1,899.0,54
1121,1615381800,2800.0,130,2730.0,9
1123,1615381800,9599.0,644,9518.0,26
1125,1615381800,,0,2619.0,3
1127,1615381800,38500.0,259,38469.0,101
1129,1615381800,39.0,2,25.0,123
1131,1615381800,,0,16.0,4
1133,1615381800,605.0,1,377.0,3
1135,1615381800,4280.0,203,4225.0,4
1139,1615381800,37.0,2,15.0,2
1141,1615381800,800.0,2,66.0,42
1143,1615381800,,0,270.0,1
1145,1615381800,1000.0,2,940.0,2
1147,1615381800,11083.0,4,11089.0,47
1149,1615381800,59121.0,34,59624.0,10
1153,1615381800,68.0,8,65.0,2
1155,1615381800,70.0,3,,0
1157,1615381800,1797.0,1,,0
1159,1615381800,642.0,2,600.0,5
1161,1615381800,1858.0,2,1864.0,23
1163,1615381800,20674.0,96,20575.0,78
1165,1615381800,500.0,1,500.0,5
1167,1615381800,54.0,2,6.0,63
1169,1615381800,85.0,1,63.0,3
1171,1615381800,310.0,100,250.0,3
1173,1615381800,,0,50.0,1
1181,1615381800,,0,619.0,1
1183,1615381800,2200.0,4,1968.0,10
1185,1615381800,,0,22553.0,50
1187,1615381800,299000.0,2,,0
1191,1615381800,121.0,1,100.0,30
1195,1615381800,,0,1150.0,4
1197,1615381800,,0,1190.0,42
1199,1615381800,2999.0,1,2936.0,55
1201,1615381800,32078.0,76,32002.0,197
1203,1615381800,,0,50.0,11
1207,1615381800,36.0,1,15.0,1
1211,1615381800,262.0,1,,0
1213,1615381800,4448.0,7,4418.0,66
1215,1615381800,17514.0,30,17501.0,17
1217,1615381800,299.0,1,,0
1231,1615381800,16800.0,1,,0
1237,1615381800,285.0,2,,0
1247,1615381800,12390.0,1,11880.0,17
1249,1615381800,37999.0,2,37793.0,3
1265,1615381800,63.0,1,100.0,40
1269,1615381800,445.0,1,205.0,1
1271,1615381800,1580.0,1,1514.0,3
1273,1615381800,457.0,2,429.0,7
1275,1615381800,18887.0,2,18773.0,74
1277,1615381800,117.0,1,50.0,1
1285,1615381800,,0,304.0,98
1287,1615381800,,0,1053.0,1
1289,1615381800,,0,12287.0,31
1291,1615381800,,0,50.0,1
1293,1615381800,,0,53.0,1
1295,1615381800,,0,72.0,2
1297,1615381800,,0,340.0,3
1301,1615381800,1621.0,7,1621.0,2
1303,1615381800,18616.0,305,18618.0,223
1305,1615381800,59320.0,34,59320.0,51
1309,1615381800,,0,100.0,1
1311,1615381800,,0,400.0,3
1313,1615381800,,0,873.0,3
1315,1615381800,1299.0,1,1239.0,2
1317,1615381800,,0,3560.0,13
1319,1615381800,,0,37860.0,12
1323,1615381800,52.0,9,,0
1329,1615381800,420.0,2,420.0,128
1331,1615381800,1398.0,13,1358.0,2
1333,1615381800,14993.0,344,14987.0,79
1341,1615381800,,0,320.0,1
1345,1615381800,,0,2204.0,6
1347,1615381800,25325.0,250,24521.0,25
1349,1615381800,249.0,1,70.0,1
1351,1615381800,1.0,14,,0
1353,1615381800,37.0,3,,0
1355,1615381800,185.0,42,122.0,3
1357,1615381800,599.0,2,486.0,4
1359,1615381800,7223.0,55,7214.0,51
1361,1615381800,298.0,1,286.0,1
1365,1615381800,,0,207.0,4
1367,1615381800,474.0,1,474.0,2
1369,1615381800,,0,900.0,3
1371,1615381800,,0,2196.0,29
1373,1615381800,24512.0,1,24484.0,162
1377,1615381800,119399.0,6,119301.0,37
1379,1615381800,14.0,10,,0
1381,1615381800,1649.0,5,1446.0,2
1385,1615381800,,0,1003.0,1
1387,1615381800,1497.0,3,,0
1391,1615381800,8109.0,78,8106.0,3719
1393,1615381800,,0,9005.0,6
1395,1615381800,,0,8914.0,1
1397,1615381800,8934.0,306,8932.0,3650
1399,1615381800,8968.0,4,8968.0,745
1401,1615381800,25598.0,1,25000.0,1
1403,1615381800,,0,25112.0,20
1405,1615381800,,0,25135.0,62
1407,1615381800,25157.0,2,25157.0,7
1428,1615381800,,0,114.0,1
1432,1615381800,8193.0,85,8168.0,2
1434,1615381800,,0,29350.0,5
1436,1615381800,10.0,100,,0
1440,1615381800,418.0,2,391.0,48
1442,1615381800,5830.0,1,5798.0,4
1444,1615381800,899.0,2,735.0,74
1446,1615381800,2231.0,1,2231.0,22
1448,1615381800,4007.0,925,3766.0,8
1452,1615381800,590.0,4,,0
1456,1615381800,10615.0,2,,0
1462,1615381800,,0,1077.0,14
1470,1615381800,696.0,2,,0
1472,1615381800,633.0,4,,0
1474,1615381800,646.0,6,,0
1476,1615381800,1052.0,4,,0
1478,1615381800,803.0,2,,0
1511,1615381800,90.0,106,85.0,335
1513,1615381800,1003.0,1030,1001.0,10063
1515,1615381800,239.0,12500,236.0,10569
1517,1615381800,10.0,3,9.0,9965
1519,1615381800,17.0,865,16.0,5536
1521,1615381800,65.0,452,60.0,248
1523,1615381800,157.0,3,,0
1539,1615381800,23.0,1628,,0
1540,1615381800,76.0,2,68.0,1
1550,1615381800,32.0,1,,0
1552,1615381800,502.0,1,,0
1573,1615381800,146.0,4,299.0,1
1592,1615381800,95.0,3,,0
1595,1615381800,104.0,2,,0
1597,1615381800,181.0,2,,0
1601,1615381800,,0,1861.0,597
1603,1615381800,944.0,1,930.0,140
1605,1615381800,506.0,314,506.0,3707
1607,1615381800,326.0,14,320.0,2361
1609,1615381800,180.0,3,,0
1611,1615381800,269.0,1,,0
1613,1615381800,1981.0,1,1896.0,150
1615,1615381800,11862.0,141,11862.0,135
1617,1615381800,2871.0,201,2862.0,1604
1619,1615381800,1237.0,717,1224.0,1354
1621,1615381800,617.0,265,607.0,1012
1623,1615381800,392.0,1703,390.0,5642
1625,1615381800,114.0,4,110.0,2
1627,1615381800,,0,156.0,2
1629,1615381800,,0,1501.0,73
1631,1615381800,,0,14300.0,65
1635,1615381800,127.0,1,124.0,174
1637,1615381800,486.0,190,478.0,835
1639,1615381800,670.0,83,656.0,112
1641,1615381800,,0,1015.0,10
1643,1615381800,,0,1930.0,3
1645,1615381800,,0,11901.0,313
1654,1615381800,124.0,2,120.0,282
1656,1615381800,498.0,1,,0
1660,1615381800,1108.0,131,,0
1662,1615381800,,0,1985.0,1000
1664,1615381800,,0,11806.0,5
1673,1615381800,127.0,1415,119.0,2
1683,1615381800,,0,12001.0,1
1694,1615381800,490.0,1,,0
1698,1615381800,,0,1080.0,3
1704,1615381800,12021.0,1,11961.0,502
1712,1615381800,12108.0,1,,0
1718,1615381800,300.0,3,,0
1724,1615381800,,0,325.0,2
1727,1615381800,,0,633.0,11
1731,1615381800,2399.0,6,2367.0,4
1733,1615381800,51.0,122,,0
1734,1615381800,9.0,23045,9.0,110
1735,1615381800,400.0,2,46.0,2
1737,1615381800,51.0,1,,0
1739,1615381800,119.0,43,,0
1741,1615381800,156.0,87,,0
1743,1615381800,139.0,1,,0
1745,1615381800,1541.0,4053,1528.0,324
1747,1615381800,3222.0,3193,3190.0,4241
1749,1615381800,2379.0,89,2371.0,2785
1751,1615381800,1700.0,1171,1693.0,4457
1753,1615381800,1425.0,5581,1403.0,7860
1755,1615381800,57.0,3,,0
1757,1615381800,94.0,2,,0
1759,1615381800,36.0,647,35.0,177
1761,1615381800,146.0,16,,0
1763,1615381800,378.0,4,,0
1765,1615381800,221.0,15,210.0,2
1767,1615381800,244.0,36,,0
1769,1615381800,530.0,1,,0
1773,1615381800,417.0,2,,0
1775,1615381800,111.0,1332,109.0,3541
1777,1615381800,124.0,15299,120.0,3119
1779,1615381800,4.0,800,4.0,14
1783,1615381800,,0,32.0,4684
1785,1615381800,66.0,1,,0
1794,1615381800,234.0,9,,0
1823,1615381800,85.0,23,,0
1887,1615381800,26.0,4,,0
1891,1615381800,,0,112.0,93
1897,1615381800,188.0,1,184.0,24
1909,1615381800,240.0,3,,0
1913,1615381800,74.0,1,,0
1917,1615381800,91.0,15,90.0,2
1919,1615381800,,0,78.0,15
1921,1615381800,37.0,3,,0
1923,1615381800,16.0,101,,0
1925,1615381800,6.0,15,5.0,1
1927,1615381800,33.0,14,33.0,1
1929,1615381800,25.0,13,,0
1931,1615381800,6.0,13,5.0,15
1933,1615381800,75.0,4,,0
1935,1615381800,3.0,3,3.0,39
1937,1615381800,37.0,7336,,0
1939,1615381800,10.0,116,8.0,9013
1941,1615381800,10.0,1908,,0
1942,1615381800,59.0,3,50.0,1
1944,1615381800,26.0,2,,0
1949,1615381800,350.0,2,,0
1951,1615381800,55.0,2,,0
1955,1615381800,,0,222.0,5
1957,1615381800,43.0,4,40.0,25
1959,1615381800,,0,6500.0,2
1965,1615381800,39.0,3,39.0,1
1971,1615381800,60.0,1,54.0,4
1975,1615381800,42.0,41,40.0,179
1978,1615381800,71.0,2,,0
1980,1615381800,,0,55.0,7
1982,1615381800,51.0,102,43.0,87
1985,1615381800,54.0,14,54.0,62
1987,1615381800,47.0,8592,46.0,16311
1989,1615381800,,0,7000.0,2
1993,1615381800,,0,3.0,9
2003,1615381800,58.0,6,54.0,22
2007,1615381800,114.0,1,60.0,2
2025,1615381800,,0,51.0,1
2084,1615381800,1643.0,2,,0
2108,1615381800,70.0,4,,0
2112,1615381800,95.0,1,,0
2114,1615381800,115.0,442,115.0,400
2118,1615381800,64.0,400,,0
2128,1615381800,70.0,2,,0
2134,1615381800,231.0,1,,0
2136,1615381800,190.0,270,161.0,352
2138,1615381800,85.0,15,,0
2140,1615381800,,0,76.0,4
2142,1615381800,86.0,2,,0
2152,1615381800,435.0,24,,0
2171,1615381800,,0,14.0,100
2283,1615381800,,0,122.0,49
2289,1615381800,428.0,1324,408.0,300
2301,1615381800,628.0,537,,0
2309,1615381800,86.0,12,84.0,14
2313,1615381800,,0,28.0,20
2315,1615381800,239.0,100,,0
2323,1615381800,,0,100.0,2
2325,1615381800,350.0,3,,0
2337,1615381800,2384.0,15,,0
2347,1615381800,63.0,8,60.0,5
2349,1615381800,181.0,70,,0
2351,1615381800,98.0,144,94.0,5059
2353,1615381800,420.0,10140,417.0,17177
2355,1615381800,75.0,33,,0
2357,1615381800,72.0,19272,72.0,1051
2359,1615381800,706.0,10000,700.0,2646
2361,1615381800,1929.0,2,1920.0,2139
2363,1615381800,12463.0,98,12464.0,3216
2430,1615381800,88.0,1,80.0,1
2434,1615381800,9450.0,4939,9437.0,774
2436,1615381800,150.0,1787,,0
2440,1615381800,1601.0,531,1577.0,8
2442,1615381800,,0,940.0,26
2444,1615381800,293.0,1900,285.0,49
2446,1615381800,185.0,14,,0
2448,1615381800,280.0,26,280.0,10
2481,1615381800,,0,1541.0,336
2483,1615381800,,0,1672.0,3
2485,1615381800,1527.0,62,1527.0,820
2487,1615381800,1620.0,4,1560.0,2
2489,1615381800,,0,1755.0,1
2491,1615381800,2321.0,3,2253.0,3
2493,1615381800,2888.0,2,2201.0,1
2495,1615381800,,0,2710.0,20
2497,1615381800,3917.0,9,3968.0,16
2499,1615381800,5080.0,334,,0
2501,1615381800,6370.0,70,6310.0,12
2503,1615381800,7800.0,76,7612.0,16
2505,1615381800,1903.0,5079,,0
2507,1615381800,2598.0,2,2530.0,2
2509,1615381800,3394.0,7,3379.0,1
2550,1615381800,820.0,132,761.0,1079
2552,1615381800,875.0,326,869.0,713
2568,1615381800,1075.0,1,1073.0,11
2570,1615381800,1900.0,1,,0
2572,1615381800,,0,12006.0,236
2577,1615381800,34944999.0,3,,0
2579,1615381800,198565.0,1,,0
2581,1615381800,,0,1130108.0,4
2585,1615381800,,0,18094.0,1
2589,1615381800,,0,27786.0,1
2591,1615381800,,0,250000.0,2
2607,1615381800,48000.0,1,35000.0,2
2611,1615381800,,0,11000.0,1
2629,1615381800,38088.0,1,,0
2631,1615381800,,0,49000.0,1
2633,1615381800,,0,6233.0,1
2635,1615381800,,0,43000.0,1
2643,1615381800,,0,12500.0,1
2669,1615381800,44998.0,1,,0
2671,1615381800,42500.0,1,,0
2673,1615381800,29462.0,1,,0
2675,1615381800,34608.0,1,,0
2859,1615381800,441.0,1,487.0,5
2864,1615381800,,0,70.0,1
2865,1615381800,115.0,1,115.0,29
2866,1615381800,128.0,151,155.0,600
2876,1615381800,2489.0,8,2262.0,2
2878,1615381800,,0,36.0,1
2890,1615381800,,0,911.0,4
2961,1615381800,97.0,3,,0
2970,1615381800,345.0,40,334.0,2427
2998,1615381800,,0,2040.0,283
3000,1615381800,9150.0,87,9152.0,3018
3002,1615381800,2129.0,2000,,0
3004,1615381800,9318.0,5803,9308.0,1
3008,1615381800,580.0,2941,,0
3016,1615381800,1812.0,1,1800.0,5
3024,1615381800,,0,11516.0,1640
3026,1615381800,8482.0,5,8250.0,5
3028,1615381800,,0,5420.0,15
3030,1615381800,2690.0,1,2690.0,6
3032,1615381800,228.0,10,,0
3034,1615381800,125.0,1,,0
3040,1615381800,160.0,414,83.0,2
3049,1615381800,1999.0,1076,1995.0,506
3051,1615381800,9139.0,917,9100.0,327
3053,1615381800,,0,9550.0,2
3105,1615381800,508.0,4,,0
3122,1615381800,,0,33005.0,3
3138,1615381800,970.0,40,858.0,260
3140,1615381800,196777.0,3,196566.0,3
3142,1615381800,322.0,417,,0
3144,1615381800,430.0,5099,426.0,216
3159,1615381800,971.0,1,,0
3183,1615381800,334.0,1,,0
3202,1615381800,38095.0,1,37800.0,21
3204,1615381800,,0,149300.0,4
3211,1615381800,150.0,1,,0
3363,1615381800,394.0,2,,0
3385,1615381800,,0,8102.0,1
3387,1615381800,,0,25333.0,1
3389,1615381800,,0,23422.0,1
3396,1615381800,,0,107.0,19
3420,1615381800,202.0,13,,0
3473,1615381800,,0,1000.0,1
3479,1615381800,,0,30000.0,1
3678,1615381800,7989.0,1,,0
3749,1615381800,38860.0,3,,0
3751,1615381800,49495.0,10,,0
3755,1615381800,40000.0,4,,0
3799,1615381800,499.0,2,133.0,8
3827,1615381800,1884.0,3,,0
3828,1615381800,1634.0,2,334.0,2
3829,1615381800,1429.0,2,316.0,1
3830,1615381800,5038.0,2,,0
3831,1615381800,46417.0,1,42736.0,5
3832,1615381800,35777.0,1,32000.0,2
3833,1615381800,46600.0,1,44000.0,1
3834,1615381800,,0,42833.0,3
3835,1615381800,4000.0,1,,0
3837,1615381800,,0,1301.0,2
3838,1615381800,8000.0,2,,0
3853,1615381800,803.0,311,,0
4087,1615381800,161378.0,4,161278.0,65
4089,1615381800,19250.0,4,18187.0,5
4091,1615381800,74326.0,5,71401.0,10
4093,1615381800,48200.0,3,47401.0,7
4095,1615381800,,0,5566.0,5
4097,1615381800,5672.0,2,5511.0,14
4101,1615381800,,0,71301.0,2
4103,1615381800,49299.0,10,47250.0,2
4107,1615381800,77855.0,3,77788.0,3
4109,1615381800,,0,8505.0,1
4111,1615381800,,0,70900.0,1
4125,1615381800,,0,350.0,1
4131,1615381800,7436.0,12,7105.0,2
4151,1615381800,2560960.0,12,2528533.0,19
4153,1615381800,133098.0,4,132706.0,10
4156,1615381800,,0,5000.0,1
4162,1615381800,899.0,1,,0
4164,1615381800,300.0,2,,0
4168,1615381800,,0,701.0,1
4170,1615381800,23000.0,1,,0
4207,1615381800,,0,291212.0,5
4343,1615381800,,0,320.0,3
4353,1615381800,280.0,1,,0
4371,1615381800,182.0,1,,0
4417,1615381800,,0,2100.0,1
4419,1615381800,,0,1558.0,2
4423,1615381800,,0,470.0,2
4527,1615381800,2.0,8,2.0,1
4537,1615381800,766.0,1,,0
4540,1615381800,,0,66.0,1
4542,1615381800,15.0,521,,0
4548,1615381800,820.0,2,,0
4551,1615381800,500.0,1,,0
4585,1615381800,161272.0,90,161238.0,11
4587,1615381800,59687.0,9,59596.0,3
4687,1615381800,226.0,1,,0
4694,1615381800,135.0,100,78.0,312
4695,1615381800,140.0,9110,134.0,1400
4696,1615381800,8.0,2000,6.0,13218
4697,1615381800,,0,76.0,799
4698,1615381800,216.0,419,201.0,1981
4699,1615381800,6.0,21,5.0,1001
4708,1615381800,65000.0,4,56539.0,1
4710,1615381800,112478.0,1,,0
4712,1615381800,1586205.0,4,1563345.0,5
4714,1615381800,1477533.0,9,1439009.0,2
4716,1615381800,245349.0,2,,0
4718,1615381800,,0,581500.0,2
4720,1615381800,,0,782000.0,1
4722,1615381800,,0,839000.0,1
4732,1615381800,57206.0,1,,0
4734,1615381800,156989.0,1,,0
4736,1615381800,2343718.0,11,2301549.0,5
4738,1615381800,486991.0,3,480135.0,1
4740,1615381800,70.0,1901,69.0,1438
4745,1615381800,93850.0,1,,0
4749,1615381800,208000.0,1,195000.0,1
4751,1615381800,220000.0,1,219322.0,1
4753,1615381800,,0,138052.0,1
4755,1615381800,,0,143190.0,1
4759,1615381800,399000.0,1,,0
4783,1615381800,76.0,200,,0
4798,1615381800,260.0,602,,0
4819,1615381800,5.0,22,4.0,3
4820,1615381800,10.0,20,10.0,2316
4822,1615381800,50.0,10,,0
4823,1615381800,106.0,89,111.0,8087
4827,1615381800,930.0,1,,0
4834,1615381800,,0,38200.0,3
4842,1615381800,807.0,100,716.0,88
4872,1615381800,,0,1506002.0,3
4878,1615381800,,0,1463002.0,2
4884,1615381800,,0,196100.0,1
4896,1615381800,,0,718100.0,1
4902,1615381800,,0,752400.0,1
4980,1615381800,,0,101732.0,2
4992,1615381800,,0,147000.0,1
5016,1615381800,699.0,2,390.0,5
5075,1615381800,,0,4012.0,2379
5096,1615381800,20.0,3,3.0,8
5100,1615381800,22.0,108,,0
5103,1615381800,,0,4.0,10
5104,1615381800,1.0,7,,0
5105,1615381800,,0,6.0,3
5106,1615381800,15.0,10,,0
5280,1615381800,180.0,4,,0
5281,1615381800,,0,89.0,1
5282,1615381800,59.0,191,,0
5283,1615381800,,0,10.0,11
5284,1615381800,,0,10.0,13
5285,1615381800,,0,15.0,35
5286,1615381800,,0,4.0,8
5287,1615381800,,0,25.0,3
5288,1615381800,,0,2341.0,61
5289,1615381800,36660.0,6,36410.0,64
5290,1615381800,124.0,4,124.0,16
5291,1615381800,,0,30.0,96
5292,1615381800,30.0,169,13.0,38
5293,1615381800,30.0,12,20.0,4
5294,1615381800,100.0,40,71.0,63
5295,1615381800,38000.0,258,37200.0,109
5296,1615381800,1462.0,124,1306.0,23
5297,1615381800,,0,31.0,6
5298,1615381800,487.0,2,487.0,58
5299,1615381800,,0,138.0,1
5300,1615381800,59935.0,29,59872.0,195
5301,1615381800,551.0,12,300.0,4
5302,1615381800,,0,230.0,1
5303,1615381800,,0,121.0,1
5304,1615381800,52182.0,11,51009.0,109
5305,1615381800,4.0,4096,,0
5308,1615381800,,0,10.0,150
5310,1615381800,,0,10.0,133
5311,1615381800,98.0,1063,88.0,32
5312,1615381800,,0,26.0,42
5313,1615381800,1063.0,52,1052.0,69
5314,1615381800,21095.0,100,20709.0,22
5315,1615381800,57330.0,71,57068.0,53
5316,1615381800,,0,143510.0,41
5318,1615381800,1.0,600,,0
5319,1615381800,1.0,6,,0
5320,1615381800,10.0,100,4.0,212
5321,1615381800,29.0,6,21.0,23
5322,1615381800,15.0,36,4.0,10
5323,1615381800,10.0,3,9.0,173
5324,1615381800,1.0,6,,0
5325,1615381800,60.0,1,,0
5329,1615381800,134.0,3,,0
5331,1615381800,167.0,52,,0
5341,1615381800,150.0,5,,0
5343,1615381800,118.0,7,,0
5350,1615381800,6.0,4,5.0,60
5354,1615381800,1.0,32,,0
5370,1615381800,249.0,48,,0
5371,1615381800,1226.0,163,,0
5372,1615381800,22087.0,20,21970.0,2
5373,1615381800,62850.0,12,60432.0,4
5374,1615381800,144478.0,135,143474.0,1
5386,1615381800,477.0,151,457.0,16
5396,1615381800,555.0,108,,0
5406,1615381800,,0,786.0,48
5416,1615381800,333.0,100,,0
5418,1615381800,2.0,1,,0
5438,1615381800,1124.0,5,1024.0,4
5496,1615381800,80.0,14,,0
5500,1615381800,159.0,5,,0
5501,1615381800,2800.0,374,2500.0,4
5502,1615381800,39665.0,66,39190.0,484
5503,1615381800,249.0,3,,0
5504,1615381800,,0,320.0,104
5516,1615381800,1553.0,1,,0
5521,1615381800,949.0,31,891.0,100
5523,1615381800,550.0,1,180.0,1
5525,1615381800,81.0,1000,,0
5527,1615381800,6.0,2,,0
5529,1615381800,6.0,2,,0
5531,1615381800,61.0,2,,0
5535,1615381800,10.0,3,,0
5537,1615381800,26.0,4,,0
5547,1615381800,,0,9005.0,6
5574,1615381800,,0,3834.0,2
5575,1615381800,5872.0,1,,0
5667,1615381800,,0,306.0,6
5698,1615381800,17257.0,6,17074.0,1
5747,1615381800,22603.0,2,,0
5931,1615381800,,0,1000.0,22
5933,1615381800,1050.0,24,,0
5935,1615381800,1250.0,414,,0
5940,1615381800,,0,160.0,10
5952,1615381800,1625.0,49,1590.0,61
5958,1615381800,,0,514.0,2
5968,1615381800,424.0,119,,0
5972,1615381800,,0,572.0,428
5974,1615381800,1018.0,1301,995.0,395
5982,1615381800,30.0,1,28.0,425
5984,1615381800,,0,40.0,97
5986,1615381800,,0,265.0,142
5998,1615381800,1010.0,100,970.0,675
6004,1615381800,,0,200.0,6
6008,1615381800,,0,1187.0,2
6012,1615381800,,0,10.0,2
6016,1615381800,1553.0,148,1553.0,250
6018,1615381800,145.0,430,,0
6034,1615381800,388.0,69,371.0,561
6036,1615381800,389.0,12,337.0,2
6055,1615381800,,0,100.0,48
6130,1615381800,,0,38258.0,1
6289,1615381800,,0,16.0,5280
6306,1615381800,5.0,10400,,0
6311,1615381800,429989.0,1,,0
6313,1615381800,,0,271.0,1
6322,1615381800,2108.0,1,2000.0,1
6324,1615381800,1521.0,1,600.0,3
6326,1615381800,83.0,255,,0
6328,1615381800,450.0,103,347.0,2
6330,1615381800,99.0,1,,0
6332,1615381800,452.0,7495,450.0,1334
6333,1615381800,,0,185.0,1895
6339,1615381800,,0,10000.0,1
6470,1615381800,100.0,1,,0
6524,1615381800,,0,193753.0,2
6528,1615381800,,0,183102.0,1
6568,1615381800,455091.0,2,,0
6571,1615381800,,0,1544205.0,1
6585,1615381800,1561848.0,10,1541437.0,7
6617,1615381800,,0,5760.0,1
6619,1615381800,1088.0,1,,0
6629,1615381800,720.0,1,,0
6667,1615381800,8.0,1,,0
6685,1615381800,4920.0,701,4888.0,1335
6687,1615381800,3694.0,1,3608.0,2
6689,1615381800,2401.0,70,2401.0,8
6691,1615381800,,0,1197.0,10
6693,1615381800,4086.0,12010,4065.0,21
6705,1615381800,,0,277.0,69
6724,1615381800,,0,29806.0,2
6729,1615381800,,0,7278.0,133
6731,1615381800,199211.0,6,193801.0,2
6733,1615381800,3298898.0,12,3262560.0,17
6735,1615381800,35546.0,1,38730.0,7
6737,1615381800,1955131.0,3,1953191.0,2
6739,1615381800,,0,37601.0,2
6812,1615381800,1800.0,104,1731.0,412
6889,1615381800,4200000.0,2,4235176.0,1
6914,1615381800,2733923.0,3,,0
6920,1615381800,673000.0,2,670350.0,3
6924,1615381800,3360500.0,1,,0
6977,1615381800,5350.0,5,,0
6983,1615381800,690.0,3,,0
7051,1615381800,,0,483.0,4
7054,1615381800,111.0,1,,0
7058,1615381800,,0,833.0,10
7060,1615381800,1090.0,1500,1069.0,1555
7114,1615381800,,0,279.0,2
7158,1615381800,133525.0,1,131250.0,1
7218,1615381800,424.0,20,418.0,124
7225,1615381800,500.0,6,,0
7321,1615381800,,0,2430.0,1
7329,1615381800,,0,60.0,10
7330,1615381800,43.0,5,60.0,11
7331,1615381800,,0,74.0,35
7350,1615381800,,0,500.0,1
7370,1615381800,,0,6091.0,1
7374,1615381800,,0,6880.0,1
7380,1615381800,,0,6239.0,1
7382,1615381800,,0,5000.0,1
7396,1615381800,71400.0,1,69000.0,1
7399,1615381800,80000.0,1,,0
7416,1615381800,,0,7200.0,37
7418,1615381800,,0,6613.0,83
7445,1615381800,15798.0,1,,0
7447,1615381800,,0,20000.0,1
7468,1615381800,400.0,1,,0
7650,1615381800,120.0,1,,0
7668,1615381800,,0,2000.0,1
7936,1615381800,2.0,38981,2.0,37175
7944,1615381800,,0,219.0,1058
7946,1615381800,309.0,9470,306.0,115
8007,1615381800,444.0,746,412.0,1
8008,1615381800,507.0,13,485.0,16
8009,1615381800,439.0,196,438.0,103
8010,1615381800,234.0,54,,0
8011,1615381800,487.0,161,454.0,1
8012,1615381800,744.0,2,,0
8013,1615381800,494.0,1171,489.0,2662
8015,1615381800,808.0,561,711.0,524
8778,1615381800,421.0,14359,416.0,735
8780,1615381800,800.0,48,796.0,983
8782,1615381800,2113.0,2569,2104.0,3002
8784,1615381800,133500.0,4,,0
8790,1615381800,842.0,34,,0
8792,1615381800,,0,622.0,20
8794,1615381800,20.0,3,,0
8880,1615381800,,0,2322.0,1
8882,1615381800,,0,5.0,18
8901,1615381800,,0,655001.0,3
8921,1615381800,712000.0,1,,0
9042,1615381800,,0,152.0,1
9044,1615381800,2274998.0,2,2204444.0,1
9050,1615381800,,0,2205016.0,2
9075,1615381800,167.0,35882,165.0,15912
9140,1615381800,,0,27.0,62
9141,1615381800,,0,35.0,22
9142,1615381800,63.0,12850,64.0,5999
9143,1615381800,139.0,301,137.0,3196
9144,1615381800,113.0,7894,112.0,4127
9179,1615381800,,0,50.0,1
9183,1615381800,1791.0,3,,0
9185,1615381800,9460.0,7,9426.0,8
9188,1615381800,,0,162.0,10
9189,1615381800,,0,40.0,6027
9190,1615381800,,0,45.0,164
9191,1615381800,96.0,84,96.0,1166
9192,1615381800,176.0,1,173.0,792
9193,1615381800,530.0,666,532.0,2059
9194,1615381800,,0,8503.0,1026
9241,1615381800,69.0,2014,65.0,74
9242,1615381800,128.0,4001,119.0,97
9243,1615381800,310.0,4941,308.0,660
9244,1615381800,432.0,4031,429.0,3206
9245,1615381800,,0,8651.0,414
9337,1615381800,,0,101.0,2000
9339,1615381800,241.0,5000,,0
9341,1615381800,654.0,78,645.0,1
9342,1615381800,8640.0,2,8627.0,1
9381,1615381800,,0,140.0,30
9419,1615381800,1292.0,1,,0
9431,1615381800,,0,9166.0,23
9452,1615381800,,0,111.0,2
9469,1615381800,,0,110666.0,1
9731,1615381800,,0,18788.0,2
9735,1615381800,,0,50.0,170
9736,1615381800,148.0,1,,0
9739,1615381800,689.0,19,635.0,1
9743,1615381800,,0,300.0,2
9745,1615381800,,0,400.0,39
9978,1615381800,,0,20.0,13
9998,1615381800,4989.0,1,,0
10006,1615381800,5.0,5,,0
10008,1615381800,80.0,100,78.0,15
10010,1615381800,100.0,2,,0
10012,1615381800,86.0,80,67.0,1
10029,1615381800,400.0,2,110.0,1
10034,1615381800,1175.0,2605,1164.0,1417
10069,1615381800,2000.0,1,,0
10071,1615381800,,0,1100.0,1
10083,1615381800,,0,1850.0,1
10088,1615381800,,0,7.0,1092
10089,1615381800,,0,28.0,341
10115,1615381800,650.0,19,889.0,3
10143,1615381800,1.0,7000,,0
10144,1615381800,1.0,7000,,0
10146,1615381800,122.0,1,,0
10148,1615381800,231.0,2,,0
10149,1615381800,,0,131.0,6
10158,1615381800,,0,275.0,1
10284,1615381800,,0,3345.0,1
10286,1615381800,61948.0,1,,0
10288,1615381800,,0,22000.0,1
10322,1615381800,41719.0,1,,0
10327,1615381800,,0,65.0,10
10354,1615381800,26569.0,1,,0
10362,1615381800,30496.0,1,,0
10364,1615381800,15313.0,1,,0
10366,1615381800,,0,11000.0,2
10368,1615381800,70264.0,2,,0
10370,1615381800,894995.0,2,873044.0,1
10372,1615381800,427251.0,1,418626.0,2
10380,1615381800,245000.0,3,,0
10386,1615381800,799995.0,1,,0
10402,1615381800,,0,3500.0,1
10448,1615381800,6997.0,1,,0
10456,1615381800,,0,13852.0,2
10460,1615381800,299000.0,1,,0
10464,1615381800,,0,113000.0,1
10468,1615381800,141357.0,2,135000.0,1
10474,1615381800,,0,6200.0,2
10476,1615381800,,0,7574.0,111
10496,1615381800,142.0,1,,0
10810,1615381800,689.0,2,,0
10826,1615381800,2000.0,3,,0
10828,1615381800,47377.0,4,47271.0,4
10891,1615381800,2425.0,20,,0
10925,1615381800,19629.0,21,19150.0,80
11037,1615381800,175000.0,1,157111.0,1
11065,1615381800,383.0,2,,0
11076,1615381800,,0,795.0,598
11079,1615381800,822.0,10,,0
11085,1615381800,1135.0,1001,1029.0,1
11090,1615381800,2221.0,800,,0
11092,1615381800,,0,1998.0,506
11095,1615381800,2224.0,1,2175.0,3
11113,1615381800,,0,12202.0,45
11115,1615381800,,0,11900.0,3
11118,1615381800,,0,12130.0,8
11126,1615381800,12278.0,1,12250.0,4
11133,1615381800,1582999.0,1,,0
11212,1615381800,637.0,200,631.0,125
11230,1615381800,2425.0,3937,2411.0,1412
11232,1615381800,2900.0,92,2881.0,4048
11235,1615381800,341999.0,4,334047.0,2
11237,1615381800,756.0,1,747.0,2780
11238,1615381800,,0,1450.0,2
11242,1615381800,,0,2223.0,3
11248,1615381800,2955.0,393,2915.0,683
11250,1615381800,,0,4024.0,101
11252,1615381800,19400.0,2,19216.0,58
11254,1615381800,,0,32036.0,14
11256,1615381800,,0,288004.0,10
11260,1615381800,639.0,3236,632.0,1174
11284,1615381800,2854999.0,8,2828142.0,10
11328,1615381800,,0,10.0,14
11332,1615381800,,0,259.0,9
11377,1615381800,,0,11941.0,12
11473,1615381800,356.0,1,,0
11475,1615381800,,0,374.0,1
11505,1615381800,197.0,1,,0
11785,1615381800,25304736.0,4,25236032.0,7
11791,1615381800,3599993.0,4,3567618.0,4
11802,1615381800,,0,6786506.0,9
11804,1615381800,7729999.0,3,7700029.0,7
11806,1615381800,29946442.0,2,29806666.0,2
11808,1615381800,,0,3000000.0,1
11812,1615381800,,0,7110000.0,1
11818,1615381800,,0,160357.0,1
11820,1615381800,,0,160125.0,2
11824,1615381800,,0,12725003.0,1
11826,1615381800,4373666.0,3,4337539.0,7
11828,1615381800,32796756.0,1,32737741.0,5
11830,1615381800,28636000.0,2,28601980.0,3
11832,1615381800,16286062.0,4,16265009.0,5
11834,1615381800,22897200.0,5,22870918.0,7
11838,1615381800,288762.0,3,,0
11840,1615381800,192499.0,7,192235.0,5
11875,1615381800,60.0,30720,60.0,1
11876,1615381800,58.0,300,57.0,300
11889,1615381800,13008886.0,4,12976517.0,2
11905,1615381800,774499.0,9,750778.0,2
11908,1615381800,40740.0,1,39201.0,4
11920,1615381800,4000556.0,9,3979501.0,6
11924,1615381800,1916993.0,4,1905560.0,4
11936,1615381800,,0,1061.0,32
11940,1615381800,4.0,2220,,0
11943,1615381800,,0,3905.0,84
11951,1615381800,750.0,20,640.0,3
11955,1615381800,322.0,584,,0
11957,1615381800,199.0,40,,0
11959,1615381800,2497.0,1001,2459.0,369
11960,1615381800,448.0,1,,0
11968,1615381800,12365.0,30,,0
11972,1615381800,12634.0,14,,0
11978,1615381800,,0,12043.0,20
11980,1615381800,12950.0,319,12708.0,10
11992,1615381800,,0,2831.0,103
11994,1615381800,,0,366.0,20
12000,1615381800,1543000.0,1,,0
12002,1615381800,280000.0,2,257025.0,9
12004,1615381800,361436.0,6,355330.0,10
12197,1615381800,,0,4922.0,1
12199,1615381800,3892.0,1,,0
12201,1615381800,1000.0,1,,0
12205,1615381800,,0,127851.0,1
12207,1615381800,,0,20000.0,2
12217,1615381800,,0,2501.0,1
12231,1615381800,72831.0,1,,0
12233,1615381800,90300.0,1,86700.0,1
12235,1615381800,,0,425003.0,1
12271,1615381800,,0,10111.0,1
12273,1615381800,10000.0,1,,0
12275,1615381800,,0,2800.0,1
12295,1615381800,,0,1578.0,1
12297,1615381800,1646.0,4,1201.0,1
12299,1615381800,5000.0,1,,0
12329,1615381800,4185.0,1,,0
12351,1615381800,133419.0,1,,0
12373,1615381800,,0,19604.0,1
12379,1615381800,,0,8380.0,2
12387,1615381800,63569.0,2,,0
12391,1615381800,3500000.0,1,,0
12402,1615381800,5969.0,2,5650.0,25
12403,1615381800,10750.0,26,10403.0,15
12404,1615381800,1894.0,6,,0
12405,1615381800,3842.0,93,,0
12406,1615381800,21899.0,18,,0
12410,1615381800,1823.0,12,,0
12411,1615381800,380.0,10,,0
12472,1615381800,42500.0,1,,0
12476,1615381800,29527.0,1,,0
12480,1615381800,69063.0,2,,0
12492,1615381800,484470.0,2,434103.0,2
12494,1615381800,255000.0,2,247261.0,1
12496,1615381800,,0,34015.0,2
12500,1615381800,,0,430222.0,2
12502,1615381800,220832.0,1,215004.0,1
12504,1615381800,49448.0,2,,0
12508,1615381800,805995.0,1,,0
12510,1615381800,474000.0,3,452000.0,1
12512,1615381800,72500.0,2,,0
12518,1615381800,,0,6095.0,1
12603,1615381800,1314500.0,2,1292050.0,2
12605,1615381800,342400.0,1,325101.0,2
12615,1615381800,,0,1917.0,2
12616,1615381800,,0,2501.0,1
12617,1615381800,,0,19000.0,2
12618,1615381800,,0,21000.0,1
12619,1615381800,,0,17167.0,3
12620,1615381800,,0,30795.0,1
12621,1615381800,,0,47000.0,1
12622,1615381800,,0,70100.0,2
12623,1615381800,,0,71769.0,3
12625,1615381800,5391.0,1086,5350.0,427
12627,1615381800,4100.0,5,3933.0,1
12631,1615381800,1399.0,100,1302.0,101
12640,1615381800,,0,1055.0,26302
12642,1615381800,16767.0,11,16245.0,12
12695,1615381800,,0,10070.0,136
12699,1615381800,5222.0,52,4940.0,16
12701,1615381800,2612.0,43,,0
12775,1615381800,2297.0,13,2267.0,2
12778,1615381800,,0,1251.0,4
12779,1615381800,1439.0,2,,0
12786,1615381800,215350.0,2,,0
12800,1615381800,608998.0,1,,0
12821,1615381800,,0,62350013.0,1
12825,1615381800,144849000.0,1,144705000.0,1
12829,1615381800,89913.0,1,,0
12831,1615381800,720768.0,1,720001.0,2
12851,1615381800,39065.0,2,,0
12863,1615381800,754500.0,2,752000.0,3
12865,1615381800,8145.0,41,,0
12867,1615381800,10190.0,1,,0
12871,1615381800,15250.0,8,,0
12873,1615381800,1919399.0,1,1855760.0,1
12877,1615381800,2459782.0,5,2457070.0,3
12881,1615381800,3248900.0,1,,0
12883,1615381800,3014999.0,1,,0
12900,1615381800,3230000.0,3,3227975.0,4
12902,1615381800,6677665.0,3,6553000.0,2
12905,1615381800,3280.0,10,,0
12913,1615381800,10387.0,388,10312.0,172
12917,1615381800,,0,4608.0,1
12922,1615381800,,0,3200000.0,1
12924,1615381800,3217728.0,8,3206128.0,9
12929,1615381800,3181999.0,2,3177270.0,2
12932,1615381800,3196414.0,1,3151001.0,1
12934,1615381800,160.0,211780,158.0,32339
12938,1615381800,16929.0,486,16622.0,51
12968,1615381800,320000.0,1,,0
12972,1615381800,434.0,4,,0
13012,1615381800,18424.0,1,17000.0,1
13054,1615381800,170212.0,1,,0
13171,1615381800,,0,700203.0,8
13190,1615381800,5026870.0,47,5035612.0,10
13233,1615381800,,0,2483472.0,1
13235,1615381800,2129704.0,6,,0
13237,1615381800,,0,34890000.0,1
13239,1615381800,25937000.0,3,25920577.0,2
13256,1615381800,148299.0,2,,0
13263,1615381800,27988900.0,2,27830006.0,10
13271,1615381800,3300000.0,1,,0
13383,1615381800,919.0,5,899.0,12
13385,1615381800,2907.0,5,,0
13387,1615381800,4620.0,1,4357.0,1
13389,1615381800,4101.0,2,,0
13391,1615381800,15.0,9365,,0
13421,1615381800,4.0,950,3.0,1047
13431,1615381800,96.0,2300,96.0,2300
13439,1615381800,1062.0,262,1062.0,262
13441,1615381800,1068.0,7289,1066.0,3473
13454,1615381800,,0,600.0,2
13463,1615381800,,0,2367.0,1
13475,1615381800,,0,1101.0,257
13478,1615381800,,0,1160.0,4
13484,1615381800,1589.0,1,1589.0,23
13487,1615381800,,0,1900.0,17
13493,1615381800,,0,2334.0,19
13496,1615381800,3013.0,26,3013.0,51
13502,1615381800,3705.0,6,3675.0,83
13508,1615381800,,0,4160.0,26
13511,1615381800,,0,5605.0,127
13573,1615381800,415.0,1306,414.0,1711
13576,1615381800,39288000.0,6,39222000.0,1
13652,1615381800,,0,55901554.0,2
19481,1615381800,573430.0,2,569180.0,4
19484,1615381800,824.0,101,817.0,1490
19544,1615381800,10823998.0,4,10760285.0,3
19547,1615381800,10809999.0,5,10760000.0,11
19550,1615381800,,0,10752000.0,4
19553,1615381800,10794968.0,3,10761509.0,6
19580,1615381800,554.0,2508,547.0,173
19582,1615381800,,0,915.0,595
19589,1615381800,,0,81678.0,1
19615,1615381800,1582.0,113,,0
19617,1615381800,1775.0,304,,0
19619,1615381800,1902.0,8,1839.0,16
19621,1615381800,1994.0,17,1980.0,25
19623,1615381800,2199.0,1,2077.0,7
19627,1615381800,1890.0,10,,0
19629,1615381800,2460.0,22,2334.0,9
19631,1615381800,2998.0,8,2941.0,2
19662,1615381800,1036.0,1,,0
19669,1615381800,,0,295.0,1
19921,1615381800,442581.0,2,436970.0,1
19924,1615381800,455335.0,2,,0
19927,1615381800,439714.0,3,428500.0,1
19930,1615381800,880000.0,1,,0
19933,1615381800,,0,451970.0,4
19936,1615381800,666206.0,1,656666.0,1
19997,1615381800,,0,546987.0,1
20050,1615381800,1469983.0,3,1433001.0,1
20053,1615381800,,0,50683.0,1
20065,1615381800,,0,4223005.0,1
20122,1615381800,,0,22001.0,2
20131,1615381800,,0,72500.0,1
20137,1615381800,,0,63100.0,1
20178,1615381800,,0,15000.0,2
20193,1615381800,,0,6700.0,1
20217,1615381800,,0,1703004.0,1
20223,1615381800,65000.0,5,64380.0,3
20232,1615381800,7992.0,5,7250.0,1
20235,1615381800,2364.0,1,,0
20238,1615381800,,0,148.0,18
20251,1615381800,,0,558.0,1
20517,1615381800,,0,435000.0,1
20520,1615381800,,0,345000.0,1
20595,1615381800,,0,490000.0,2
20716,1615381800,681371.0,9,670314.0,4
20718,1615381800,2350.0,1452,2349.0,408
20724,1615381800,25025999.0,1,24935000.0,4
20727,1615381800,58361.0,1,57100.0,8
20730,1615381800,70501.0,1,,0
20733,1615381800,,0,93000.0,1
20736,1615381800,80000.0,1,20620.0,1
20749,1615381800,1945.0,530,,0
20849,1615381800,319.0,1,291.0,211
20997,1615381800,1095150000.0,1,,0
21000,1615381800,4015005.0,3,3975533.0,4
21003,1615381800,9252350.0,1,9244235.0,1
21006,1615381800,,0,87595013.0,4
21009,1615381800,,0,42806.0,2
21015,1615381800,2899000.0,2,2750076.0,5
21018,1615381800,,0,8468384.0,2
21021,1615381800,,0,60085002.0,2
21024,1615381800,64416667.0,3,64226409.0,3
21028,1615381800,1998000.0,1,1918295.0,6
21047,1615381800,,0,46975.0,2
21079,1615381800,426989.0,2,249999.0,3
21081,1615381800,494.0,8,,0
21114,1615381800,1859.0,1,,0
21129,1615381800,644.0,1,,0
21143,1615381800,938.0,101,,0
21146,1615381800,860.0,16,890.0,12
21163,1615381800,1000.0,121,962.0,71
21166,1615381800,2470.0,59,2271.0,1015
21177,1615381800,920.0,62,846.0,1
21180,1615381800,643.0,5,,0
21183,1615381800,2357.0,82,2202.0,1
21257,1615381800,,0,927.0,1
21279,1615381800,1739000.0,1,1651000.0,2
21298,1615381800,484717.0,1,,0
21301,1615381800,670000.0,5,664267.0,6
21304,1615381800,,0,495660.0,4
21316,1615381800,264.0,400,,0
21326,1615381800,146.0,2574,146.0,11092
21336,1615381800,1010.0,200,,0
21347,1615381800,,0,3312.0,1087
21352,1615381800,,0,648.0,1
21483,1615381800,581.0,2166,,0
21488,1615381800,1645.0,1,1645.0,66
21490,1615381800,400.0,3,,0
21504,1615381800,,0,262.0,43
21515,1615381800,,0,642.0,16
21555,1615381800,,0,21.0,5556
21622,1615381800,,0,80.0,309
21626,1615381800,,0,1250.0,51
21643,1615381800,,0,767301.0,1
21733,1615381800,,0,2406230.0,3
21742,1615381800,266301.0,2,250001.0,1
21802,1615381800,9100.0,20,8248.0,77
21817,1615381800,43839.0,9,43759.0,120
21820,1615381800,170.0,24934,168.0,23218
21880,1615381800,385.0,9301,383.0,16914
21902,1615381800,1257127.0,9,1237739.0,68
21905,1615381800,758.0,201,731.0,2
21930,1615381800,,0,791.0,9791
21932,1615381800,882.0,1298,825.0,1083
21944,1615381800,925.0,5317,917.0,3782
21946,1615381800,999.0,8392,975.0,5902
21948,1615381800,1120.0,11400,1083.0,23
21967,1615381800,872.0,200,690.0,100
21969,1615381800,953.0,1,965.0,11000
21975,1615381800,10127.0,3,10036.0,2
21978,1615381800,9750.0,32,,0
22003,1615381800,,0,15728750.0,4
22006,1615381800,,0,15550000.0,1
22111,1615381800,,0,151212.0,3
22118,1615381800,583.0,3,575.0,3
22124,1615381800,,0,9952.0,2632
22192,1615381800,610.0,14,,0
22195,1615381800,1450.0,20,1285.0,21
22201,1615381800,1697.0,80,,0
22209,1615381800,9625.0,361,9513.0,76
22212,1615381800,7357.0,94,7051.0,54
22215,1615381800,,0,4500.0,1
22246,1615381800,8064000.0,1,7930000.0,1
22251,1615381800,,0,3.0,26
22260,1615381800,129.0,1,,0
22269,1615381800,487.0,1,179.0,2
22272,1615381800,,0,241.0,2
22275,1615381800,3120.0,2,,0
22278,1615381800,,0,4212.0,1
22284,1615381800,,0,18850.0,1
22294,1615381800,6852662.0,3,6793576.0,1
22296,1615381800,3914683.0,3,3823020.0,1
22299,1615381800,,0,4000000.0,1
22302,1615381800,,0,8000000.0,1
22305,1615381800,,0,16000000.0,1
22324,1615381800,120499999.0,2,,0
22326,1615381800,22250000.0,1,,0
22327,1615381800,,0,8810000.0,2
22368,1615381800,5928000.0,1,,0
22372,1615381800,,0,5800666.0,1
22446,1615381800,,0,5100.0,2191
22449,1615381800,6623.0,8,,0
22461,1615381800,9403.0,126,9210.0,6
22464,1615381800,,0,7024.0,4
22470,1615381800,,0,2100.0,1
22481,1615381800,80300000.0,2,80213452.0,6
22542,1615381800,3766105.0,5,3753668.0,4
22547,1615381800,8445000.0,2,8315064.0,8
22593,1615381800,43.0,5200,,0
22595,1615381800,44.0,1750,,0
22597,1615381800,44.0,1700,,0
22601,1615381800,599.0,1,,0
22603,1615381800,494.0,3000,,0
22731,1615381800,,0,36600.0,1
22780,1615381800,,0,1070.0,319
22783,1615381800,,0,2409.0,14
22786,1615381800,4959.0,204,4922.0,140
22804,1615381800,1755.0,23,1729.0,3
22810,1615381800,2483.0,12,2402.0,492
22818,1615381800,,0,15.0,156
22856,1615381800,78000.0,3,,0
22859,1615381800,27750.0,12,,0
22866,1615381800,173893.0,1,170954.0,1
22869,1615381800,,0,77277.0,14
22871,1615381800,,0,26177.0,2
22877,1615381800,,0,172617.0,34
22879,1615381800,4053.0,132,3882.0,126
22887,1615381800,1714.0,58,1450.0,18
22929,1615381800,950.0,6,921.0,96
22932,1615381800,,0,455.0,1
22935,1615381800,8234.0,101,8234.0,61
22949,1615381800,1200.0,1,,0
22951,1615381800,696420.0,3,666303.0,5
22954,1615381800,1088995.0,1,1076707.0,2
22963,1615381800,,0,36701.0,1
22975,1615381800,2906718.0,4,2883299.0,21
22978,1615381800,70715189.0,5,70592442.0,11
22983,1615381800,3950000.0,1,3918001.0,4
22994,1615381800,289000.0,2,272000.0,1
23002,1615381800,9572.0,3,,0
23113,1615381800,147000.0,1,145502.0,2
23185,1615381800,,0,2035003.0,1
23206,1615381800,,0,3830.0,2
23221,1615381800,,0,39779.0,1
23227,1615381800,33439.0,1,,0
23246,1615381800,4194201.0,2,4152004.0,1
23282,1615381800,,0,3450019.0,1
23285,1615381800,,0,292878.0,2
23288,1615381800,45537.0,5,31002.0,1
23291,1615381800,,0,19419.0,7
23294,1615381800,,0,1226.0,1
23297,1615381800,75000.0,1,79802.0,4
23300,1615381800,,0,151360.0,2
23303,1615381800,62226.0,1,59716.0,8
23306,1615381800,,0,14213.0,5
23309,1615381800,,0,12000.0,4
23315,1615381800,,0,20087.0,4
23318,1615381800,,0,3537.0,3
23321,1615381800,,0,43575.0,4
23324,1615381800,,0,125033.0,3
23327,1615381800,176850.0,1,172505.0,1
23348,1615381800,4869987.0,2,,0
23351,1615381800,14916677.0,1,,0
23384,1615381800,,0,23082.0,1
23387,1615381800,5708.0,1,,0
23389,1615381800,532000.0,1,,0
23413,1615381800,47555.0,5,,0
23499,1615381800,,0,38120.0,2
23528,1615381800,430989.0,2,421143.0,2
23685,1615381800,17076.0,9,16918.0,22
23688,1615381800,12911.0,60,,0
23691,1615381800,,0,8000.0,1
23694,1615381800,,0,4002.0,1
23709,1615381800,,0,3080.0,10
23721,1615381800,2980.0,1,,0
23733,1615381800,3621.0,620,3487.0,102
23739,1615381800,,0,2439.0,2
23742,1615381800,,0,998.0,2
23745,1615381800,3748.0,13,3360.0,1
23748,1615381800,,0,2465.0,1
23751,1615381800,,0,1286.0,1
23943,1615381800,999996.0,2,,0
23953,1615381800,3856783.0,2,3851005.0,1
23956,1615381800,,0,4512120.0,1
23959,1615381800,,0,2142000.0,7
24229,1615381800,666167.0,9,660007.0,2
24251,1615381800,39429.0,100,,0
24268,1615381800,,0,16915667.0,6
24291,1615381800,,0,6606504.0,1
24333,1615381800,10669998.0,1,,0
24417,1615381800,,0,456480000.0,1
24422,1615381800,24777000.0,1,,0
24511,1615381800,835000000.0,1,835000000.0,1
24585,1615381800,39898.0,2,38002.0,17
24592,1615381800,1457.0,12,1390.0,21
24598,1615381800,11106.0,173,10878.0,1
24607,1615381800,1498.0,361,1432.0,1290
24613,1615381800,668.0,620,,0
24615,1615381800,849.0,241,,0
24621,1615381800,,0,787.0,168
24635,1615381800,13500.0,275,13311.0,70
24641,1615381800,,0,5402.0,1
24740,1615381800,71900.0,1,,0
24777,1615381800,7307000.0,1,7209000.0,1
24953,1615381800,999.0,2,,0
25090,1615381800,570000.0,1,,0
25419,1615381800,,0,4101.0,7
